train_loss,val_loss,mse,ssim,kid_std,kid_mean
44.54417613636364,38.94162859235491,0.10472003370523453,0.10259394347667694,0.01859748363494873,0.37985169887542725
29.255193536931817,37.909092494419646,0.10335514694452286,0.11406849324703217,0.020894354209303856,0.3701133728027344
17.123659446022728,36.783778599330354,0.10190969705581665,0.12370773404836655,0.02137836441397667,0.3736521899700165
9.955928178267046,35.46103123256138,0.09970202296972275,0.13407108187675476,0.022335907444357872,0.4114656448364258
6.501067560369318,34.03522164481027,0.09720829874277115,0.14490270614624023,0.02787734940648079,0.4184797406196594
4.685124067826704,32.47804260253906,0.09418518841266632,0.14785633981227875,0.022903835400938988,0.4104488492012024
3.8878104469992896,30.740676879882812,0.09018804877996445,0.15768636763095856,0.02078106440603733,0.3781031668186188
3.498059636896307,28.87335205078125,0.08532828837633133,0.16655276715755463,0.02573699876666069,0.355048269033432
3.294211647727273,26.801971435546875,0.07936734706163406,0.17343337833881378,0.023576097562909126,0.34504786133766174
3.2253870183771305,24.725232805524552,0.07319923490285873,0.18670549988746643,0.019311314448714256,0.3280319571495056
3.137621515447443,22.552025931222097,0.06645871698856354,0.20333214104175568,0.02188154309988022,0.3223896920681
3.1190648859197445,20.392480032784597,0.05962171405553818,0.2172444611787796,0.018863780423998833,0.31676557660102844
3.0108162619850853,18.412987845284597,0.05384450405836105,0.22950433194637299,0.019730957224965096,0.3040176331996918
2.9428599964488638,16.681161063058035,0.049157265573740005,0.23411133885383606,0.022863581776618958,0.30814313888549805
2.8669772061434657,14.855682373046875,0.044074155390262604,0.2575097382068634,0.02238205261528492,0.3058750629425049
2.793715320933949,13.429201398577009,0.04095037281513214,0.25104978680610657,0.023345857858657837,0.29097405076026917
2.6871673583984377,11.974245343889509,0.037579502910375595,0.26998046040534973,0.020718753337860107,0.29462945461273193
2.5892300692471593,10.770841326032366,0.035190947353839874,0.2820727527141571,0.021636545658111572,0.2917517125606537
2.4763369473544032,9.576204572405134,0.032638758420944214,0.2933034598827362,0.022045118734240532,0.28801897168159485
2.3603676535866476,8.604204450334821,0.030980849638581276,0.3087736666202545,0.018829569220542908,0.26971229910850525
2.278178405761719,7.771706172398159,0.029471950605511665,0.31392186880111694,0.01494933757930994,0.26605942845344543
2.189154607599432,7.012540544782366,0.028005165979266167,0.32927772402763367,0.019161485135555267,0.25552108883857727
2.1112600153142758,6.390165056501116,0.026859574019908905,0.33899661898612976,0.021952616050839424,0.2618561387062073
2.030641867897727,5.908452715192523,0.026161497458815575,0.34264880418777466,0.020814962685108185,0.239816814661026
1.9663102583451704,5.395174843924386,0.024940479546785355,0.35611316561698914,0.021837269887328148,0.2446918934583664
1.9095553311434659,5.022516523088727,0.024225732311606407,0.36851638555526733,0.019286002963781357,0.23669908940792084
1.8187104658647018,4.597470419747489,0.022885026410222054,0.38715219497680664,0.021034829318523407,0.23257984220981598
1.7925004438920455,4.269511359078543,0.021814847365021706,0.40677040815353394,0.01849435083568096,0.2218315303325653
1.729670437899503,3.9789521353585378,0.02081947587430477,0.4273502826690674,0.017008794471621513,0.20239685475826263
1.6672761396928266,3.8024586268833707,0.020321249961853027,0.43404802680015564,0.014350752346217632,0.17135123908519745
1.6463090376420455,3.555529458182199,0.01932365819811821,0.45412829518318176,0.01591898873448372,0.15762776136398315
1.5977729103781961,3.347700936453683,0.018453653901815414,0.4634186625480652,0.013472272083163261,0.13458849489688873
1.5722360784357243,3.194302422659738,0.017836308106780052,0.4754657447338104,0.01547885313630104,0.14147596061229706
1.5427115700461649,3.1225242614746094,0.0176167581230402,0.481146901845932,0.012734565883874893,0.1374276876449585
1.4855171897194601,2.997638702392578,0.017035264521837234,0.4856111705303192,0.016289684921503067,0.12826544046401978
1.4655015425248579,2.819351468767439,0.016131160780787468,0.5051833987236023,0.013903548009693623,0.12361643463373184
1.4306630914861507,2.6532998766217912,0.01525281835347414,0.5245843529701233,0.015027870424091816,0.12977778911590576
1.3941174593838779,2.5427662985665456,0.01468644943088293,0.5310279726982117,0.01545986719429493,0.1288095861673355
1.3717476584694601,2.442429406302316,0.014155474491417408,0.547542154788971,0.015259234234690666,0.14084912836551666
1.3569955999200993,2.3216645377022878,0.013506771996617317,0.5634588599205017,0.015180045738816261,0.12471219897270203
1.3091265591708097,2.2373174939836775,0.013053258880972862,0.5707594156265259,0.013360889628529549,0.12053931504487991
1.2949257590553978,2.133281707763672,0.012469061650335789,0.5849118828773499,0.016154738143086433,0.12496022135019302
1.2816857077858665,2.048842021397182,0.01200514379888773,0.5987392067909241,0.01780792698264122,0.11671986430883408
1.255374422940341,1.9864071437290736,0.011656965129077435,0.604701817035675,0.013489151373505592,0.10714820772409439
1.238653564453125,1.8947015489850725,0.011133627034723759,0.6151518821716309,0.011118391528725624,0.09065856039524078
1.2288300947709516,1.8441692079816545,0.010847861878573895,0.6214004158973694,0.0140128368511796,0.08829514682292938
1.2114845969460226,1.7813848767961775,0.010491111315786839,0.6358235478401184,0.010521620512008667,0.07685650140047073
1.1903493707830255,1.7068936484200614,0.010059620253741741,0.6493677496910095,0.011362060904502869,0.07243109494447708
1.1705365267666903,1.6873107637677873,0.009951794520020485,0.6571779251098633,0.010516731068491936,0.06413838267326355
1.160221446644176,1.654374395098005,0.009763245470821857,0.6592422127723694,0.008841096423566341,0.06391442567110062
1.1476900274103339,1.633425303867885,0.00964358914643526,0.6646450161933899,0.008029422722756863,0.048663996160030365
1.1296424172141335,1.5890312194824219,0.00938506331294775,0.6722977757453918,0.00961496401578188,0.06386696547269821
1.1174148559570312,1.5808768953595842,0.009338987059891224,0.6729825735092163,0.009217958897352219,0.059390295296907425
1.1121288646351208,1.5114548546927316,0.008930941112339497,0.6855420470237732,0.010340436361730099,0.0611385814845562
1.0879919572310015,1.5016498565673828,0.008874700404703617,0.6870259046554565,0.009995072148740292,0.05927327647805214
1.0785574479536577,1.4531329018729073,0.00858987681567669,0.6953099370002747,0.01030948106199503,0.063540518283844
1.0728449041193182,1.4276700701032365,0.008439762517809868,0.6976346373558044,0.010335625149309635,0.06327910721302032
1.0554753390225498,1.4176977702549525,0.008381924591958523,0.6965405344963074,0.010804529301822186,0.06771914660930634
1.0492705605246804,1.3644102641514368,0.008067463524639606,0.7003803253173828,0.010182971134781837,0.06418180465698242
1.0418393915349786,1.361473628452846,0.008050628006458282,0.7039360404014587,0.01215885765850544,0.06374942511320114
1.0318357294256038,1.3583902631487166,0.008033025078475475,0.7098454236984253,0.011109774000942707,0.07024158537387848
1.0164620832963422,1.3519020080566406,0.007994960062205791,0.706727147102356,0.011811589822173119,0.0723685771226883
1.008530009876598,1.3366612025669642,0.007905333302915096,0.7134437561035156,0.014047651551663876,0.07596618682146072
1.0080705122514204,1.3252852303641183,0.007838069461286068,0.7127451300621033,0.010671415366232395,0.07179227471351624
1.0015322598544034,1.2910874230521066,0.007636156398802996,0.7168965339660645,0.01419905386865139,0.07175690680742264
0.9952406449751421,1.3213274819510323,0.007815265096724033,0.7147970795631409,0.011265487410128117,0.0817292183637619
0.9822158119895241,1.2809734344482422,0.007576747331768274,0.7161306142807007,0.01570958085358143,0.08056487888097763
0.9869569951837713,1.2915536335536413,0.007639498915523291,0.7209004163742065,0.01320697832852602,0.07754549384117126
0.9709003101695668,1.2345379420689173,0.007302201818674803,0.7194390892982483,0.01286243088543415,0.07765699923038483
0.9629513133655895,1.2442471640450614,0.0073598651215434074,0.7239875197410583,0.012050711549818516,0.07681141793727875
0.9633989507501776,1.2545136043003626,0.007420626934617758,0.7171248197555542,0.012159973382949829,0.08483903855085373
0.9632685574618253,1.2455636433192663,0.007367877289652824,0.7192463278770447,0.014001775532960892,0.08029144257307053
0.9425535722212358,1.2471257618495397,0.0073772300966084,0.7247942686080933,0.013527169823646545,0.08340991288423538
0.9381264426491477,1.2245686394827706,0.007243870757520199,0.7305651307106018,0.017299897968769073,0.0794382393360138
0.9353358875621449,1.2265490123203822,0.007255607284605503,0.727756142616272,0.014971642754971981,0.07637358456850052
0.9254522150213068,1.1914054325648717,0.007047741673886776,0.7297320365905762,0.013077796436846256,0.0766836553812027
0.9203869212757457,1.2146994726998466,0.00718558207154274,0.7277266383171082,0.015261933207511902,0.0738629475235939
0.9191793961958452,1.2092373711722237,0.007153289392590523,0.7258139252662659,0.012962479144334793,0.07351058721542358
0.9046938809481534,1.1709581102643694,0.006926821079105139,0.7300927042961121,0.01459447480738163,0.073359414935112
0.8859372919256037,1.1972682135445731,0.007082618307322264,0.7324351072311401,0.012047558091580868,0.07294688373804092
0.8861476551402699,1.1780712945120675,0.006968999747186899,0.7299383878707886,0.015536181628704071,0.07821270823478699
0.8841026306152344,1.1691156114850725,0.0069160000421106815,0.7320724725723267,0.013845567591488361,0.08048834651708603
0.8819591869007457,1.1694162913731165,0.0069178203120827675,0.728929340839386,0.014875753782689571,0.08049475401639938
0.8708513433283026,1.1449920109340124,0.006773320026695728,0.7345290780067444,0.013499923050403595,0.07800322771072388
0.8747065457430753,1.13639497756958,0.0067223780788481236,0.7345762252807617,0.0166690181940794,0.0829809382557869
0.8601136641068892,1.1145127841404505,0.006592952646315098,0.7376195788383484,0.016217119991779327,0.06681449711322784
0.8551027471368963,1.1320802143641882,0.00669698603451252,0.7354093194007874,0.014826796017587185,0.0707775130867958
0.8566723910245029,1.1293012755257743,0.006680584978312254,0.7337778806686401,0.01726018264889717,0.07426483929157257
0.8511504433371804,1.1454192570277624,0.006775739137083292,0.7336352467536926,0.014311036095023155,0.07121971994638443
0.8439709750088779,1.1209039688110352,0.006630840711295605,0.7397010922431946,0.01310549397021532,0.06679167598485947
0.8396077242764559,1.0825203486851283,0.006403682753443718,0.7470759749412537,0.014517668634653091,0.06842631101608276
0.8260574340820312,1.1137091772896903,0.0065882280468940735,0.737745463848114,0.013142083771526814,0.06107799708843231
0.8160701404918324,1.063882691519601,0.006293409503996372,0.740253746509552,0.0143591882660985,0.06531935930252075
0.8183760209517046,1.1041747501918249,0.006531854160130024,0.7390235066413879,0.014977723360061646,0.06663122773170471
0.8139129638671875,1.0785531316484724,0.00638009887188673,0.7391690015792847,0.01474549900740385,0.07313768565654755
0.8046415155584162,1.093203408377511,0.006466883234679699,0.7382218241691589,0.01633826456964016,0.0658845379948616
0.80638427734375,1.0341894967215401,0.0061175827868282795,0.747218132019043,0.014233674854040146,0.06327541172504425
0.7949240251020951,1.0500369753156389,0.006211297120898962,0.7442007064819336,0.014175337739288807,0.05975330248475075
0.7956359169699929,1.039644718170166,0.006149886175990105,0.7424632906913757,0.013433459214866161,0.06046111881732941
0.7802035245028409,1.026378972189767,0.0060713645070791245,0.7456908822059631,0.013618508353829384,0.06348971277475357
0.7686104514382103,1.02360200881958,0.006054959259927273,0.7475627064704895,0.014213909395039082,0.06555739045143127
0.7756182583895597,1.0252233913966589,0.006064570043236017,0.7459070086479187,0.014428052119910717,0.0679226890206337
0.771230038729581,1.0371077401297433,0.006134814582765102,0.7438845634460449,0.016492178663611412,0.061284199357032776
0.7620676907626065,1.008148193359375,0.0059635229408741,0.7490964531898499,0.01478654146194458,0.06291863322257996
0.7558522311123934,1.0162996564592635,0.006011676043272018,0.7483905553817749,0.015360353514552116,0.05647159740328789
0.7577208779074929,1.0124474252973283,0.0059889573603868484,0.7480006814002991,0.015262577682733536,0.06292154639959335
0.760898104580966,1.0080725124904089,0.005963046569377184,0.7500887513160706,0.014564910903573036,0.0665525421500206
0.7374373002485796,1.0014465876988001,0.005923817399889231,0.7497009634971619,0.014853440225124359,0.059952765703201294
0.745615664395419,0.986917359488351,0.005837771110236645,0.7540655732154846,0.01433688122779131,0.05323466286063194
0.7475986827503551,0.9894591059003558,0.005852847825735807,0.7509045004844666,0.014962692745029926,0.052706290036439896
0.7348417802290483,0.9769164494105748,0.005778600927442312,0.751213014125824,0.012710271403193474,0.05191599950194359
0.7350024830211292,0.9672431945800781,0.005721378605812788,0.7543878555297852,0.015265046618878841,0.0514276921749115
0.7269316239790483,0.9747206142970494,0.0057655684649944305,0.7511144280433655,0.014184758067131042,0.06089076027274132
0.724464277787642,0.9628943715776715,0.005695621948689222,0.7549312710762024,0.015821456909179688,0.05659923702478409
0.7028002652254972,0.9543617793491909,0.005645128432661295,0.75614994764328,0.015083410777151585,0.05356483533978462
0.7200595508922231,0.9562012808663505,0.005656013730913401,0.7511109113693237,0.0160478875041008,0.05701852962374687
0.7109705838290128,0.9395134108407157,0.005557185038924217,0.7581823468208313,0.014372008852660656,0.048869818449020386
0.7058329495516691,0.9502479689461845,0.005620826501399279,0.757281482219696,0.015599442645907402,0.05877812206745148
0.6914527893066407,0.9295117514474052,0.005498144775629044,0.758790910243988,0.014824115671217442,0.05504573881626129
0.6921537225896662,0.935535362788609,0.005533888936042786,0.7587910294532776,0.015958843752741814,0.05367814004421234
0.6924884449351918,0.9456515312194824,0.005593694746494293,0.7526459097862244,0.013531647622585297,0.05009467899799347
0.6892252835360441,0.9063839912414551,0.005361279007047415,0.7639392018318176,0.014642848633229733,0.05184946209192276
0.6885597229003906,0.9123697280883789,0.005396744702011347,0.7606136202812195,0.012781796976923943,0.06327849626541138
0.6819738214666193,0.9143539156232562,0.0054085091687738895,0.7582882046699524,0.013993135653436184,0.05478666350245476
0.6791417902166194,0.8942387444632394,0.005289514549076557,0.7627668380737305,0.012523053213953972,0.05428113043308258
0.6679115988991478,0.9072437967572894,0.005366446916013956,0.761927604675293,0.01261418592184782,0.05537544563412666
0.6612521778453481,0.9024297169276646,0.005337980110198259,0.7625352144241333,0.013744068332016468,0.057583075016736984
0.6696078213778409,0.9162490027291434,0.005419794470071793,0.7602289915084839,0.01321211364120245,0.0546414740383625
0.6568281000310724,0.8984548023768834,0.005314492620527744,0.7650473713874817,0.015474802814424038,0.05240167677402496
0.6629518682306463,0.8823873656136649,0.005219331476837397,0.7627148628234863,0.013360847719013691,0.04686680808663368
0.6555991432883522,0.8860460690089634,0.005241052713245153,0.762151837348938,0.014535509981215,0.054033488035202026
0.6404917630282315,0.9015415736607143,0.005332698114216328,0.7599329352378845,0.016083896160125732,0.05449831858277321
0.6522696755149148,0.882563591003418,0.005220427643507719,0.7645329833030701,0.015585544519126415,0.057834118604660034
0.6378593444824219,0.8799827439444405,0.005205188877880573,0.7627388834953308,0.015298721380531788,0.05682000145316124
0.6333066766912286,0.8954720497131348,0.0052967676892876625,0.7615484595298767,0.012571641243994236,0.04835320636630058
0.6344152277166193,0.8831535748073033,0.005223962478339672,0.764693558216095,0.016325781121850014,0.05591835826635361
0.6418817693536932,0.8514913150242397,0.0050366465002298355,0.7687865495681763,0.014847202226519585,0.05344024673104286
0.6311010187322443,0.8870369366237095,0.00524689257144928,0.7630752921104431,0.010435212403535843,0.046205777674913406
0.6312234358354049,0.8797245706830706,0.005203626584261656,0.7640805840492249,0.013329587876796722,0.048562511801719666
0.6290038368918679,0.8635546820504325,0.0051079438999295235,0.7671728730201721,0.015097364783287048,0.05080317333340645
0.6259309942072088,0.8406175885881696,0.004972205962985754,0.7686499357223511,0.014727730304002762,0.05431203916668892
0.6169196388938211,0.8387951169695173,0.0049614738672971725,0.7688940167427063,0.014603271149098873,0.0574144683778286
0.620258955522017,0.8362461498805455,0.004946435336023569,0.7723035216331482,0.01507056225091219,0.05606788769364357
0.606664345481179,0.8572515760149274,0.0050706686452031136,0.7703484892845154,0.014977263286709785,0.05168425664305687
0.6033999356356534,0.8623330933707101,0.005100777372717857,0.7668368220329285,0.014970009215176105,0.05043404921889305
0.6061758561567827,0.8500214304242816,0.00502786785364151,0.7670603394508362,0.012706497684121132,0.0498209148645401
0.6105339050292968,0.8468347958156041,0.0050089992582798,0.7677513957023621,0.013661746867001057,0.053746048361063004
0.6021658463911577,0.8355650220598493,0.0049422564916312695,0.7700356245040894,0.01408969797194004,0.05592487379908562
0.6048924532803622,0.8190187726702008,0.004844459239393473,0.7729137539863586,0.01612028479576111,0.05778631567955017
0.5989798805930397,0.8253859792436872,0.004882085137069225,0.770814061164856,0.013098054565489292,0.055280569940805435
0.6002879056063566,0.8166349274771554,0.004830384626984596,0.7752777934074402,0.017103400081396103,0.05433652922511101
0.5923386313698509,0.8162587710789272,0.004828112665563822,0.7768320441246033,0.0127022173255682,0.05147266387939453
0.587457275390625,0.8352712903703962,0.0049405889585614204,0.772680938243866,0.015004740096628666,0.05613014101982117
0.5865360606800426,0.8411850248064313,0.004975612740963697,0.7712274193763733,0.011849676258862019,0.05390860512852669
0.5833821383389559,0.8341385296412877,0.0049338992685079575,0.7725980877876282,0.013996216468513012,0.05112307146191597
0.586811689897017,0.8307890210832868,0.004914040677249432,0.7714166641235352,0.014851458370685577,0.05607675388455391
0.5796858007257635,0.8292689323425293,0.004905084613710642,0.7719456553459167,0.01352992095053196,0.053176525980234146
0.5742575558749112,0.8218107223510742,0.00486096041277051,0.774957001209259,0.014237056486308575,0.05902799591422081
0.5783472234552557,0.8123339925493512,0.004804933909326792,0.7752197980880737,0.014199831523001194,0.060523103922605515
0.5719951629638672,0.8190040588378906,0.004844320472329855,0.7728365659713745,0.015360306948423386,0.05379492789506912
0.5742627230557529,0.8018607412065778,0.004742847289890051,0.7751733064651489,0.015776047483086586,0.05204236879944801
0.556460918079723,0.8119865145002093,0.0048026712611317635,0.7698314785957336,0.014026878401637077,0.0469648651778698
0.5567238894375888,0.7980270385742188,0.004720167722553015,0.7764076590538025,0.012822221964597702,0.049724750220775604
0.570565449107777,0.8130126680646624,0.004808899015188217,0.7746018767356873,0.014044970273971558,0.048680853098630905
0.562721772627397,0.8064808164324079,0.004770161118358374,0.776826024055481,0.012490497902035713,0.051996029913425446
0.560560469193892,0.8074663707188198,0.004776017740368843,0.7740979194641113,0.014923769980669022,0.056340742856264114
0.5497471202503551,0.8018881252833775,0.004743038211017847,0.7737064361572266,0.01498813834041357,0.05603018403053284
0.5555148384787819,0.7873576028006417,0.004657040815800428,0.779077410697937,0.014092606492340565,0.05323369801044464
0.5521344618363814,0.7913211413792202,0.00468055997043848,0.7776837944984436,0.01639222353696823,0.06000180169939995
0.549066196788441,0.7932630947657994,0.0046919845044612885,0.7795013189315796,0.01552395336329937,0.05615994334220886
0.5408817984841087,0.8144615037100655,0.004817483946681023,0.7713143229484558,0.013442392461001873,0.05627531185746193
0.5399428974498403,0.7975444112505231,0.004717449191957712,0.778218686580658,0.01869400031864643,0.058356404304504395
0.539955659346147,0.7788009643554688,0.004606360103935003,0.7806316614151001,0.015521385706961155,0.0579649917781353
0.5375730341131036,0.7750543185642788,0.004584318492561579,0.7818541526794434,0.018341979011893272,0.06657415628433228
0.539691196788441,0.7918013845171247,0.004683418199419975,0.7773948907852173,0.013859516941010952,0.05505996197462082
0.5399121024391867,0.7658035414559501,0.004529518540948629,0.7810226678848267,0.016624489799141884,0.058106593787670135
0.5376881686123934,0.7904122216360909,0.004675194621086121,0.7804054617881775,0.015454315580427647,0.057297877967357635
0.5371104847301137,0.7669662748064313,0.004536456894129515,0.7801613807678223,0.014490727335214615,0.052551835775375366
0.5307184739546342,0.7734347752162388,0.004574738442897797,0.7783219218254089,0.014313043095171452,0.047323886305093765
0.5275788393887606,0.7721177509852818,0.004566931631416082,0.7793303728103638,0.01333692204207182,0.05190981924533844
0.5265580957586115,0.7729430879865374,0.004571848548948765,0.7790117263793945,0.014923572540283203,0.05107006058096886
0.5299681923606179,0.7815321513584682,0.004622655920684338,0.7791639566421509,0.01347119826823473,0.0494111143052578
0.5301627766002308,0.779425961630685,0.004610201343894005,0.7804684042930603,0.016521722078323364,0.054221056401729584
0.524747085571289,0.7790208544049945,0.00460778409615159,0.780507504940033,0.016930844634771347,0.0651441290974617
0.5223120949485085,0.7717162540980748,0.0045646666549146175,0.7793793082237244,0.015808895230293274,0.05490797013044357
0.518973090431907,0.7554518154689244,0.004468381870537996,0.7856946587562561,0.01879885047674179,0.0668572410941124
0.51236572265625,0.7827661378043038,0.004629923962056637,0.7762083411216736,0.014474269933998585,0.060951873660087585
0.5115442449396307,0.7629684039524623,0.004512753803282976,0.7813411355018616,0.015196998603641987,0.0566437765955925
0.5103029424493963,0.7713004520961216,0.004562122281640768,0.7803223729133606,0.013043397106230259,0.05368862301111221
0.5136024128306996,0.7657098770141602,0.004529145080596209,0.7828531861305237,0.014742311090230942,0.057099636644124985
0.5018067099831321,0.7710443905421666,0.004560533910989761,0.7820276021957397,0.014229115098714828,0.05890422686934471
0.509619140625,0.7721750395638602,0.004567272495478392,0.7830517888069153,0.014735313132405281,0.05524291843175888
0.5071653192693537,0.761056763785226,0.0045014964416623116,0.7856599688529968,0.015219577588140965,0.05725257098674774
0.5137411984530362,0.7605153492518834,0.00449832109734416,0.7824637293815613,0.014393731020390987,0.05840248987078667
0.5079966111616655,0.7775049890790667,0.004598796833306551,0.7783740162849426,0.013716368936002254,0.05292213335633278
0.4992015491832386,0.7552336284092495,0.00446704076603055,0.781783401966095,0.012588253244757652,0.05906947702169418
0.49664323980158026,0.7482635634286063,0.004425831604748964,0.7830742597579956,0.015226095914840698,0.05727957561612129
0.5005640203302557,0.7525879314967564,0.004451465327292681,0.7849365472793579,0.017537284642457962,0.055698707699775696
0.4965924696488814,0.7607805388314384,0.004499910399317741,0.7806726098060608,0.013999225571751595,0.05756620317697525
0.49814910888671876,0.758793762751988,0.004488119389861822,0.7807127237319946,0.015936613082885742,0.0556068979203701
0.49522982510653407,0.7398881912231445,0.004376280587166548,0.787641704082489,0.014031906612217426,0.05175904184579849
0.48999325145374645,0.7521146365574428,0.00444852514192462,0.7826770544052124,0.01467574667185545,0.056768789887428284
0.4869207902388139,0.7524493081229073,0.004450670909136534,0.7838206887245178,0.015180894173681736,0.06218043714761734
0.48455422141335225,0.7300207955496651,0.004317969083786011,0.788293719291687,0.014002555049955845,0.0625922903418541
0.48185490694912997,0.7570979935782296,0.004478093236684799,0.7825407981872559,0.01671503484249115,0.06044812500476837
0.48466616543856533,0.7442011833190918,0.0044018179178237915,0.7846125364303589,0.0158025324344635,0.055346522480249405
0.48463599465110085,0.7434515271868024,0.004397301934659481,0.7801273465156555,0.01604202389717102,0.05902370437979698
0.48167807839133525,0.7315549169267926,0.004327018745243549,0.7893053293228149,0.01664634421467781,0.06378284096717834
0.47378862554376777,0.7319258962358747,0.004329182673245668,0.7895857095718384,0.014969962649047375,0.05957134813070297
0.4783316525545987,0.742983341217041,0.004394597839564085,0.7839974761009216,0.013186563737690449,0.060170575976371765
0.47690339521928266,0.7291170528956822,0.004312513861805201,0.7872092127799988,0.016360316425561905,0.06495651602745056
0.47712561867453834,0.7254297392708915,0.004290681332349777,0.7887934446334839,0.015471232123672962,0.05610697716474533
0.47555930397727275,0.7342509542192731,0.00434288801625371,0.7839088439941406,0.014984477311372757,0.05683812126517296
0.4731255964799361,0.7430234636579242,0.004394785035401583,0.7818071246147156,0.015216201543807983,0.06322331726551056
0.47237084128639917,0.7379927635192871,0.0043649980798363686,0.783871591091156,0.015564440749585629,0.057923611253499985
0.4679805062033913,0.7213810511997768,0.0042667146772146225,0.7868688702583313,0.015203851275146008,0.05587160959839821
0.47150063948197796,0.7335452352251325,0.004338758997619152,0.7865129113197327,0.014129736460745335,0.053890760987997055
0.4735715692693537,0.7366106169564384,0.004356910474598408,0.7855001091957092,0.016194237396121025,0.06095564737915993
0.4640435999090021,0.7097584179469517,0.004198004025965929,0.7890438437461853,0.013677310198545456,0.055470291525125504
0.46724919405850496,0.728459358215332,0.00430875550955534,0.7849765419960022,0.016032977029681206,0.05924086645245552
0.46322881525213067,0.7443663733346122,0.0044028013944625854,0.7843722701072693,0.017118504270911217,0.0646616667509079
0.45542824485085226,0.7210995129176548,0.004265018738806248,0.78687983751297,0.014934135600924492,0.05939188599586487
0.4634794755415483,0.7185500008719308,0.004250086843967438,0.7886683344841003,0.017128000035881996,0.0609016977250576
0.4590592471036044,0.7226585660661969,0.004274351522326469,0.7876315116882324,0.014362215064466,0.05957504361867905
0.4599401994185014,0.7192766325814384,0.00425431365147233,0.7898033857345581,0.015693610534071922,0.05921133980154991
0.46024554859508165,0.7224125862121582,0.004272923339158297,0.7867871522903442,0.013193616643548012,0.05995159223675728
0.45870628356933596,0.7214392253330776,0.0042670597322285175,0.7859476804733276,0.013280210085213184,0.05456065759062767
0.4541019092906605,0.7367105484008789,0.004357532132416964,0.7860499620437622,0.014515973627567291,0.05782279372215271
0.45224404768510296,0.7049471991402763,0.004169559571892023,0.7901201844215393,0.015335225500166416,0.059788841754198074
0.4526805530894886,0.7088792664664132,0.00419281842187047,0.7886834144592285,0.015061176382005215,0.05673332139849663
0.45707362781871447,0.7169303212847028,0.0042404853738844395,0.7886914610862732,0.014991994947195053,0.06294205039739609
0.45435603748668324,0.7290351731436593,0.004312016069889069,0.7841874361038208,0.016559673473238945,0.06370062381029129
0.4501070195978338,0.7241431644984654,0.0042832172475755215,0.7883914709091187,0.016132885590195656,0.06380206346511841
0.446645112471147,0.7334596770150321,0.0043382421135902405,0.7843343019485474,0.015702176839113235,0.05700854957103729
0.44652761979536576,0.7223437173025948,0.004272542893886566,0.7866681814193726,0.016744786873459816,0.06414906680583954
0.44857437827370383,0.7217276436941964,0.004268782213330269,0.7876700758934021,0.01326979510486126,0.05687066912651062
0.446447060324929,0.7076349939618792,0.004185458179563284,0.7915453910827637,0.015040291473269463,0.06082351505756378
0.44078018882057884,0.714155946459089,0.004224018193781376,0.7872824668884277,0.015488075092434883,0.05983523279428482
0.44201025529341265,0.718670163835798,0.004250731784850359,0.7868629693984985,0.017122874036431313,0.06716180592775345
0.444593672318892,0.7022046361650739,0.004153437912464142,0.7902127504348755,0.01290399394929409,0.0642770454287529
0.441896577314897,0.7186389650617327,0.00425052922219038,0.7896806001663208,0.014146091416478157,0.061520546674728394
0.44214872880415484,0.6996840068272182,0.0041383737698197365,0.789529025554657,0.012889554724097252,0.05670151859521866
0.4385704040527344,0.7083584240504673,0.004189788829535246,0.787568211555481,0.016777880489826202,0.05861370265483856
0.43477041071111505,0.714763981955392,0.004227630794048309,0.7873940467834473,0.013014839962124825,0.054903898388147354
0.44210343794389206,0.7115413120814732,0.004208608530461788,0.790706217288971,0.014934464357793331,0.058599185198545456
0.4355348760431463,0.711895397731236,0.004210665822029114,0.7869692444801331,0.017771542072296143,0.0654444769024849
0.4387830214066939,0.7424069132123675,0.0043913135305047035,0.7809022068977356,0.015610404312610626,0.06464198231697083
0.4389657800847834,0.6947825295584542,0.004109537694603205,0.7913858294487,0.013275985606014729,0.05486021190881729
0.4332862507213246,0.7202420234680176,0.004260153044015169,0.788945734500885,0.012891780585050583,0.059417322278022766
0.4277468247847124,0.7140504973275321,0.0042235227301716805,0.7881046533584595,0.012279854156076908,0.06309721618890762
0.43207820545543324,0.722724165235247,0.004274806007742882,0.7865033745765686,0.019679727032780647,0.0718521773815155
0.42506065368652346,0.7076937130519322,0.004185914993286133,0.7896502614021301,0.013993769884109497,0.056041717529296875
0.4284829919988459,0.7178951672145298,0.0042462642304599285,0.7886483073234558,0.016432659700512886,0.0604771226644516
0.42750337774103336,0.7242209570748466,0.004283697344362736,0.7895240783691406,0.015359992161393166,0.05718514323234558
0.4266225641424006,0.7231875147138324,0.004277600906789303,0.7854521870613098,0.01596538908779621,0.0641477108001709
0.42764733054421167,0.7041475432259696,0.004164779093116522,0.7895593047142029,0.01486437488347292,0.06064024940133095
0.42208609147505327,0.7134513854980469,0.004219897091388702,0.7895236015319824,0.013272669166326523,0.05756274610757828
0.42296416542746806,0.7080099923270089,0.004187725018709898,0.7884607315063477,0.012167432345449924,0.053661298006772995
0.4234881661155007,0.7044196810041156,0.0041663688607513905,0.7911876440048218,0.014816396869719028,0.0573541633784771
0.4231222672895952,0.7125288418361119,0.0042144232429564,0.7876530289649963,0.013853170908987522,0.0547463595867157
0.4242206573486328,0.6954598426818848,0.004113335162401199,0.7884271740913391,0.015036966651678085,0.05290615186095238
0.42030878933993254,0.6976143292018345,0.004126172047108412,0.7872443795204163,0.01568351499736309,0.06316950172185898
0.42017593383789065,0.7072146279471261,0.004183019977062941,0.7892038226127625,0.0176593828946352,0.06703928858041763
0.4179505088112571,0.6973163740975517,0.00412445142865181,0.790188729763031,0.016436096280813217,0.06234285235404968
0.41675747958096593,0.7155323028564453,0.004232286009937525,0.7876511812210083,0.01685956120491028,0.06205807626247406
0.4144825675270774,0.708369527544294,0.004189788829535246,0.7883006930351257,0.014326485805213451,0.05800303444266319
0.41619675376198506,0.7068095888410296,0.004180519841611385,0.7885404229164124,0.01682554930448532,0.06119800731539726
0.41595413901589134,0.7119578633989606,0.004211129620671272,0.7900786399841309,0.012397640384733677,0.05249834060668945
0.4219898917458274,0.7055310521806989,0.004173034802079201,0.787813127040863,0.016147134825587273,0.05638972297310829
0.41760982166637073,0.7192959104265485,0.004254459403455257,0.7859596610069275,0.014443379826843739,0.059830617159605026
0.40972713123668325,0.7071913310459682,0.004182834178209305,0.7885545492172241,0.01455700770020485,0.06162985786795616
0.4124540502374822,0.7193944113595145,0.004255094565451145,0.7839683294296265,0.015668723732233047,0.06062109023332596
0.4139008261940696,0.7082727977207729,0.004189225845038891,0.7866429090499878,0.013776678591966629,0.05666353181004524
0.4174633026123047,0.6980774743216378,0.004129015374928713,0.7904734015464783,0.013184724375605583,0.05935095623135567
0.41167463822798295,0.6990088735307965,0.004134488757699728,0.789185643196106,0.014650722965598106,0.06411239504814148
0.4127941825173118,0.701864378792899,0.004151280038058758,0.7907013297080994,0.016188567504286766,0.05816907063126564
0.41244551918723366,0.6954757826668876,0.004113440867513418,0.7882646918296814,0.014375266619026661,0.05619407817721367
0.4049871964888139,0.7085599899291992,0.004191052168607712,0.7889136672019958,0.014699001796543598,0.06480861455202103
0.4071778384121982,0.700019087110247,0.004140318371355534,0.788074791431427,0.01638847216963768,0.05698547512292862
0.4069367148659446,0.6895153863089425,0.00407814048230648,0.7923995852470398,0.015232074074447155,0.06083453819155693
0.4064943486993963,0.7206922258649554,0.00426276633515954,0.7883518934249878,0.014145969413220882,0.05504341423511505
0.4100925445556641,0.702131952558245,0.00415297644212842,0.7888106107711792,0.012981654144823551,0.06119154766201973
0.3979669050736861,0.7196826934814453,0.004256743937730789,0.7869473695755005,0.013994467444717884,0.0555279366672039
0.4068560166792436,0.6934571947370257,0.004101455677300692,0.7880191802978516,0.01667392998933792,0.06095533445477486
0.40712072199041194,0.6910448755536761,0.004087190143764019,0.7887495756149292,0.01600990816950798,0.0587928481400013
0.40546503933993255,0.6969368798392159,0.004122086800634861,0.7882545590400696,0.014856765046715736,0.058451633900403976
0.40476483431729404,0.6833301952907017,0.0040418365970253944,0.791390597820282,0.012818931601941586,0.058088552206754684
0.4022353085604581,0.6975490706307548,0.004125799983739853,0.791544497013092,0.014240356162190437,0.056353822350502014
0.40005781000310725,0.6997670446123395,0.004139008466154337,0.7892546653747559,0.01409562025219202,0.054851219058036804
0.4014074498956854,0.6930928230285645,0.004099566023796797,0.7929779291152954,0.0125020332634449,0.05903642624616623
0.4005573272705078,0.7033790179661342,0.0041602239944040775,0.7907222509384155,0.01580031029880047,0.056635960936546326
0.39868080832741476,0.6919104031154087,0.004092465620487928,0.7897724509239197,0.013666272163391113,0.061662640422582626
0.40489626797762784,0.7087574686322894,0.004192096646875143,0.7876148223876953,0.014217124320566654,0.062013473361730576
0.3947718186811967,0.6883331707545689,0.004071255214512348,0.7914223670959473,0.011565448716282845,0.04875269904732704
0.3967029571533203,0.7035283361162458,0.004161188844591379,0.7880176901817322,0.014947440475225449,0.06037754938006401
0.39786515669389205,0.6940280369349888,0.004105003550648689,0.7892401814460754,0.015195623971521854,0.06058262661099434
0.39972971135919744,0.7011254174368722,0.004146880935877562,0.7908620834350586,0.01552894152700901,0.05765485763549805
0.39673912741921163,0.7115855898175921,0.004208753351122141,0.7879881262779236,0.016480151563882828,0.05899576097726822
0.3946480837735263,0.6774136679513114,0.004006604664027691,0.7923768162727356,0.016317548230290413,0.05931757390499115
0.3928837169300426,0.6796014649527413,0.00401952862739563,0.7937105894088745,0.015432165004312992,0.05288725718855858
0.39112437855113635,0.7026391710553851,0.004155853297561407,0.7865911722183228,0.011505329050123692,0.06071146950125694
0.3892300692471591,0.7097710200718471,0.004198172595351934,0.7860419154167175,0.014725814573466778,0.06509219855070114
0.39108030145818534,0.7068001883370536,0.004180540796369314,0.7901983261108398,0.014339853078126907,0.0566629059612751
0.39132749384099785,0.7035440717424665,0.004161392338573933,0.7869818806648254,0.015372155234217644,0.061675138771533966
0.3907931241122159,0.6843997410365513,0.004047884605824947,0.7897984385490417,0.01263587549328804,0.06156187504529953
0.39133481112393464,0.6886870520455497,0.004073407035320997,0.792159378528595,0.014659173786640167,0.05819990113377571
0.38903805125843394,0.6849434716360909,0.004051333758980036,0.7920209765434265,0.013250637799501419,0.06111621856689453
0.3860459414395419,0.6994921139308384,0.00413742009550333,0.7888262867927551,0.016334781423211098,0.06690357625484467
0.38665442033247516,0.7048514911106655,0.004169085528701544,0.7872450947761536,0.012623894028365612,0.05671874061226845
0.38689998279918325,0.6880568776811872,0.00406960304826498,0.7884283065795898,0.015559160150587559,0.05599338933825493
0.38818224126642403,0.7060465131487165,0.004176067654043436,0.7891877293586731,0.013265482150018215,0.054898206144571304
0.3829879067160866,0.6910193307059151,0.004087138455361128,0.7885058522224426,0.01330446545034647,0.05858389288187027
0.38475359136408027,0.6970680100577218,0.004122869577258825,0.7871786952018738,0.012570925056934357,0.05465323105454445
0.3830595883456143,0.7060251235961914,0.004175931215286255,0.7897737622261047,0.01621442846953869,0.05699361860752106
0.3851793809370561,0.6951007843017578,0.004111202899366617,0.7895669341087341,0.016715869307518005,0.06150731071829796
0.3849596543745561,0.7121054785592216,0.0042119137942790985,0.7837328314781189,0.014400542713701725,0.05965417996048927
0.3853999397971413,0.6829545838492257,0.004039473831653595,0.7911021113395691,0.014320528134703636,0.059008337557315826
0.3852880998091264,0.7098031044006348,0.004198279697448015,0.7857815027236938,0.014481619000434875,0.059360504150390625
0.3836389021439986,0.677790641784668,0.00400887057185173,0.7891424298286438,0.014719022437930107,0.061765700578689575
0.3828268571333452,0.6958349772862026,0.004115566145628691,0.7890664339065552,0.01433569472283125,0.05921975150704384
0.3864579287442294,0.6959570475987026,0.0041164555586874485,0.7898707985877991,0.013051713816821575,0.05695789307355881
0.37899107499556106,0.7084731374468122,0.004190387669950724,0.7893392443656921,0.016937963664531708,0.06413973122835159
0.37987809614701706,0.6768466404506138,0.004003392998129129,0.7936440706253052,0.014189805835485458,0.06199003756046295
0.3832452253861861,0.6886871882847377,0.004073336720466614,0.7899557948112488,0.015157422982156277,0.05960303917527199
0.38228565562855116,0.7017970766339984,0.004150889813899994,0.7885754704475403,0.01536522340029478,0.05677778273820877
0.37944100119850854,0.6955360685076032,0.004113813396543264,0.7881712317466736,0.013235644437372684,0.05877075716853142
0.3759611649946733,0.7013632229396275,0.004148327745497227,0.7865380048751831,0.01382494531571865,0.05598534643650055
0.37556603171608666,0.6883102144513812,0.0040710000321269035,0.7871256470680237,0.015198719687759876,0.05632438510656357
0.37302502718838776,0.6892303739275251,0.004076505079865456,0.7892132997512817,0.014418293721973896,0.05290225148200989
0.3749582117254084,0.6907055718558175,0.004085311200469732,0.7898134589195251,0.013737092725932598,0.05742071196436882
0.38199202797629617,0.6841940198625837,0.004046760965138674,0.789161205291748,0.01381540298461914,0.06254462897777557
0.3714546897194602,0.7037598746163505,0.004162509460002184,0.7889886498451233,0.014330733567476273,0.06010311469435692
0.3774152235551314,0.6942130497523716,0.004105995409190655,0.7889029383659363,0.014475422911345959,0.060756612569093704
0.37193513350053264,0.6865745271955218,0.00406085466966033,0.7883113026618958,0.01602020487189293,0.06850884109735489
0.37203164534135297,0.6956063679286412,0.004114398267120123,0.7888548970222473,0.01623210869729519,0.06091521307826042
0.37387820157137786,0.6957959447588239,0.004115372896194458,0.7908234000205994,0.016946524381637573,0.06035464257001877
0.37444267272949217,0.6865051814488002,0.004060408100485802,0.7901903390884399,0.015303513966500759,0.05804189667105675
0.3746477647261186,0.7020186696733747,0.0041522495448589325,0.7873786687850952,0.014579027891159058,0.05853366479277611
0.37343087629838423,0.6919370378766742,0.004092585761100054,0.7893375158309937,0.012936978600919247,0.05744284763932228
0.36936662847345525,0.6998194285801479,0.0041392226703464985,0.7893134355545044,0.015027480199933052,0.058290738612413406
0.3718787453391335,0.7008896555219378,0.004145529121160507,0.7866941094398499,0.01606651581823826,0.0556795708835125
0.36824614784934306,0.6790434973580497,0.004016329534351826,0.7918974161148071,0.014722771942615509,0.053706713020801544
0.36824750033291903,0.7010822296142578,0.004146679304540157,0.7883399128913879,0.014466562308371067,0.059383030980825424
0.3689665014093572,0.690349851335798,0.004083259031176567,0.7922345399856567,0.015180045738816261,0.06829352676868439
0.36939728476784445,0.7121011870247977,0.004211928229779005,0.7881293296813965,0.013932142406702042,0.056590959429740906
0.3728675148703835,0.6878607613699776,0.004068492911756039,0.7888582944869995,0.014925070106983185,0.05921868979930878
0.3645142295143821,0.6953080722263881,0.004112564492970705,0.787873387336731,0.013692408800125122,0.05719464272260666
0.3698663884943182,0.6902528490339007,0.004082684405148029,0.7900211215019226,0.014094729907810688,0.056701403111219406
0.3725781874223189,0.6994478361947196,0.004137128591537476,0.7898644208908081,0.014808600768446922,0.057224396616220474
0.3701554038307884,0.6934660502842495,0.0041016582399606705,0.7910841107368469,0.015042519196867943,0.060043588280677795
0.367996562610973,0.7061982154846191,0.004177051596343517,0.7877598404884338,0.013257610611617565,0.05891614779829979
0.3692573200572621,0.6847626141139439,0.004050202202051878,0.7902072072029114,0.015895698219537735,0.06369055807590485
0.36899053400213067,0.7086138725280762,0.0041912333108484745,0.7880715131759644,0.014528721570968628,0.057122211903333664
0.36281752152876423,0.6942706108093262,0.004106445237994194,0.7894183397293091,0.013699585571885109,0.05917938053607941
0.36092199845747513,0.6850812094552177,0.0040519749745726585,0.7926696538925171,0.013033723458647728,0.05756919085979462
0.36917003284801136,0.6960808890206474,0.004117267206311226,0.7910005450248718,0.013429926708340645,0.06026886776089668
0.3636378548362038,0.6767568588256836,0.004002740606665611,0.7893276810646057,0.014229457825422287,0.053568948060274124
0.3639577692205256,0.7028465270996094,0.004157201386988163,0.7873843908309937,0.014794155023992062,0.056958142668008804
0.3654650601473722,0.6971053395952497,0.00412324070930481,0.7898073196411133,0.013784240931272507,0.05942540243268013
0.36718021739612927,0.6821667126246861,0.004034915007650852,0.7916296124458313,0.015197363682091236,0.05729811638593674
0.36298113736239346,0.6959582056318011,0.004116342402994633,0.7857903838157654,0.015803826972842216,0.06726565957069397
0.3628766493363814,0.6741918155125209,0.003987721633166075,0.7930809259414673,0.014388474635779858,0.060570765286684036
0.3623217149214311,0.6884041513715472,0.0040717278607189655,0.7921218872070312,0.016183149069547653,0.06553768366575241
0.360361064564098,0.6873793601989746,0.004065618384629488,0.7904831171035767,0.014812110923230648,0.06120811402797699
0.3633132587779652,0.6981514522007534,0.004129413515329361,0.789055347442627,0.014867990277707577,0.05410245805978775
0.3584140777587891,0.6828340121677944,0.004038768820464611,0.7904090285301208,0.01585250347852707,0.058806706219911575
0.3598437569358132,0.6821261133466449,0.004034463781863451,0.7869335412979126,0.013416874222457409,0.06298390030860901
0.35815655101429333,0.6823251588003976,0.004035707097500563,0.790737509727478,0.013279369100928307,0.06010039150714874
0.35945712002840907,0.688213757106236,0.004070592578500509,0.7890509963035583,0.01502781081944704,0.05987732857465744
0.36111557700417257,0.6962479182652065,0.00411812961101532,0.7908938527107239,0.014121908694505692,0.060313787311315536
0.3633298700506037,0.6767778396606445,0.004002921748906374,0.7907463312149048,0.012863925658166409,0.05678728222846985
0.3593048789284446,0.6834438868931362,0.004042457789182663,0.7913500666618347,0.012152470648288727,0.061700984835624695
0.3587001453746449,0.6894210406712123,0.004077778197824955,0.7909407615661621,0.012501123361289501,0.05354205518960953
0.3596563512628729,0.6899961062840053,0.004081178456544876,0.7887656092643738,0.012252035550773144,0.053363870829343796
0.3538449374112216,0.6997368676321847,0.00413874676451087,0.7876501083374023,0.01258756686002016,0.06354251503944397
0.35864934054287995,0.6904700824192592,0.0040839677676558495,0.7889959216117859,0.0141829252243042,0.06605369597673416
0.3578356656161222,0.6923703466142926,0.00409513246268034,0.7911623120307922,0.014706818386912346,0.055988091975450516
0.35972605618563563,0.6935849870954242,0.004102365113794804,0.7890435457229614,0.015266060829162598,0.06165732443332672
0.3582627383145419,0.675877571105957,0.00399761414155364,0.7892055511474609,0.015025317668914795,0.061118774116039276
0.35352876836603336,0.6755484853472028,0.00399571331217885,0.7894726395606995,0.014129960909485817,0.05222797393798828
0.35308508439497516,0.7037527901785714,0.004162601660937071,0.7895521521568298,0.014713363721966743,0.0598171204328537
0.3590403123335405,0.6714489119393485,0.003971423488110304,0.7926920652389526,0.013846442103385925,0.05657587945461273
0.3537802609530362,0.691338062286377,0.0040892865508794785,0.7895723581314087,0.014685140922665596,0.05937367305159569
0.3535921963778409,0.6799717630658831,0.0040218341164290905,0.7909753918647766,0.01391505729407072,0.05784399062395096
0.351810732754794,0.6766106060573033,0.004001954570412636,0.7935295104980469,0.013717329129576683,0.058918099850416183
0.3577005212957209,0.6968815667288644,0.004121911246329546,0.7873729467391968,0.01749529503285885,0.0654183030128479
0.3532060449773615,0.6794355937412807,0.004018588922917843,0.7891049385070801,0.012571900151669979,0.05767565593123436
0.352921537919478,0.6805180140904018,0.004024971276521683,0.7890341877937317,0.01676500216126442,0.05509010702371597
0.3553464022549716,0.6879228183201381,0.004068868700414896,0.7885268926620483,0.013406709767878056,0.05754892900586128
0.35087682550603694,0.6826539720807757,0.004037755075842142,0.7915639281272888,0.013586904853582382,0.05503205209970474
0.3528318231756037,0.6923444611685616,0.004095120821148157,0.7877454161643982,0.01369441021233797,0.05688759684562683
0.3531910636208274,0.6769984109061105,0.004004351329058409,0.7909108400344849,0.0125809945166111,0.05760439857840538
0.35420005104758523,0.6840063503810337,0.004045633599162102,0.7900190353393555,0.01424348633736372,0.06244250759482384
0.3494768662886186,0.6767366273062569,0.004002628847956657,0.7926117777824402,0.014513624832034111,0.05530116707086563
0.3486883683638139,0.682913099016462,0.00403919443488121,0.7892077565193176,0.014089871197938919,0.05773951858282089
0.3487624081698331,0.6857973507472447,0.004056216683238745,0.7905336022377014,0.011706051416695118,0.053493838757276535
0.35268169749866835,0.6698812757219587,0.003962067887187004,0.7940633893013,0.014021488837897778,0.05317869037389755
0.35255719965154475,0.6921519551958356,0.0040938835591077805,0.7891588807106018,0.015304503962397575,0.05914895981550217
0.35083344199440697,0.6886054447719029,0.004072944633662701,0.7880057692527771,0.01551120076328516,0.0627233013510704
0.35015310807661576,0.6717424392700195,0.00397300161421299,0.792484700679779,0.015413030982017517,0.060054194182157516
0.3472152363170277,0.6757783889770508,0.003996823448687792,0.7894049286842346,0.01544695533812046,0.06102687865495682
0.34580279263583097,0.6907665388924735,0.004085706081241369,0.7878190875053406,0.016002150252461433,0.05875300243496895
0.3485239202325994,0.689201968056815,0.004076339304447174,0.7874436974525452,0.016007106751203537,0.05735781043767929
0.35291203585537995,0.6983261789594378,0.004130491521209478,0.789270281791687,0.012223386205732822,0.05619312450289726
0.35190363797274504,0.6843748092651367,0.004047829192131758,0.7896469831466675,0.0159919336438179,0.060661088675260544
0.34939620278098366,0.6840475627354213,0.004045899026095867,0.7920297980308533,0.018613850697875023,0.06470133364200592
0.34956810691139917,0.6745843206133161,0.003989918623119593,0.7933441400527954,0.014308054000139236,0.06065158545970917
0.34487009915438566,0.687422343662807,0.004065922927111387,0.7886375784873962,0.016136951744556427,0.05882464349269867
0.34600108753551134,0.6770782470703125,0.004004680551588535,0.7896924018859863,0.01598154939711094,0.06453301757574081
0.34700612154873933,0.6744461740766253,0.00398922199383378,0.7926914095878601,0.012392237782478333,0.06612055748701096
0.34682565168900925,0.673616886138916,0.0039842016994953156,0.7902780175209045,0.01589602790772915,0.062401484698057175
0.34404713023792616,0.6925567899431501,0.004096298478543758,0.7889172434806824,0.012108635157346725,0.0597565658390522
0.3422023079612038,0.6855837958199638,0.0040551237761974335,0.7896720767021179,0.012054456397891045,0.05967862159013748
0.34636341441761365,0.6909187861851284,0.004086702596396208,0.7905073165893555,0.014148248359560966,0.05959359183907509
0.3432063362815163,0.6832762445722308,0.004041421227157116,0.7901754379272461,0.01561522576957941,0.06243835389614105
0.34085065668279474,0.6736877305167062,0.003984732087701559,0.7913848757743835,0.014854694716632366,0.05503029376268387
0.34737694480202413,0.693213939666748,0.0041002193465828896,0.7884081602096558,0.01484451349824667,0.057571813464164734
0.3450172424316406,0.6860730988638741,0.004057985730469227,0.7871246933937073,0.014259153977036476,0.06057937443256378
0.3440779946067116,0.6860467365809849,0.004057825077325106,0.7901750206947327,0.014597184024751186,0.054317064583301544
0.34232035550204193,0.6667811529976981,0.003943832125514746,0.7920511364936829,0.01466345600783825,0.060813114047050476
0.3417831074107777,0.669231755392892,0.003958337940275669,0.7929849028587341,0.016020698472857475,0.06288211792707443
0.34347645152698864,0.6822941643851144,0.004035595804452896,0.7918186187744141,0.014499473385512829,0.05914090946316719
0.34280398975719106,0.6653545243399483,0.0039353398606181145,0.7912872433662415,0.016930030658841133,0.06384206563234329
0.33998253562233666,0.6839609146118164,0.00404549902305007,0.7913674116134644,0.013526164926588535,0.05627623572945595
0.3395761663263494,0.6889704295567104,0.004075055010616779,0.7877877950668335,0.01581864058971405,0.06144379451870918
0.3366881630637429,0.6719421659197126,0.003974232356995344,0.7902188301086426,0.012737786397337914,0.0533788725733757
0.338787841796875,0.6832188878740583,0.004041076172143221,0.7905296683311462,0.013935892842710018,0.06061572954058647
0.33810008655894885,0.6852341379438128,0.004052853211760521,0.7906612753868103,0.01550597045570612,0.05786808952689171
0.3418267683549361,0.6831031526838031,0.004040365107357502,0.7901687622070312,0.014642455615103245,0.056675225496292114
0.3431239734996449,0.6842700413295201,0.00404720101505518,0.7893068194389343,0.015093795023858547,0.05598655715584755
0.34332691539417615,0.6748875209263393,0.003991813398897648,0.792415201663971,0.014159848913550377,0.05977681279182434
0.33608336015181106,0.6838633673531669,0.004044795408844948,0.788809597492218,0.0153034133836627,0.05782433971762657
0.34176382585005327,0.6851859773908343,0.0040527586825191975,0.7892160415649414,0.013822054490447044,0.05969761684536934
0.3386539806019176,0.6821813583374023,0.004035137593746185,0.7908294796943665,0.014603450894355774,0.05674677714705467
0.33700297962535514,0.6836096218654087,0.004043425898998976,0.7899318933486938,0.01410375814884901,0.05679178237915039
0.3364818226207386,0.677692072732108,0.0040084305219352245,0.7936486601829529,0.013055797666311264,0.05838198587298393
0.3383123224431818,0.6870743206569127,0.0040639168582856655,0.7907587289810181,0.015426235273480415,0.061418671160936356
0.3378657601096413,0.688971996307373,0.00407504104077816,0.7869269251823425,0.014389749616384506,0.056774601340293884
0.3404012853449041,0.7035182544163295,0.00416120421141386,0.7873115539550781,0.013621268793940544,0.054812002927064896
0.34145854603160514,0.6685686111450195,0.003954281564801931,0.7925341725349426,0.014495047740638256,0.05837799236178398
0.3390174518931996,0.6805592264447894,0.004025339614599943,0.7909075617790222,0.013938164338469505,0.05794088914990425
0.3411961642178622,0.6787228584289551,0.004014403093606234,0.7907202839851379,0.015668824315071106,0.05885808914899826
0.3362184697931463,0.686267784663609,0.00405915267765522,0.7911556363105774,0.014041424728929996,0.060847118496894836
0.3351198023015803,0.6784473146711077,0.004012821242213249,0.7920292019844055,0.01374888140708208,0.052871741354465485
0.33347230391068894,0.661583423614502,0.003913045860826969,0.792219340801239,0.015738418325781822,0.05663856491446495
0.33550390763716265,0.6774751118251255,0.004007010720670223,0.789271891117096,0.014898725785315037,0.0587216392159462
0.3347218946977095,0.6702868597848075,0.003964426461607218,0.7896810173988342,0.015933193266391754,0.05358875170350075
0.33906891562721947,0.6879350117274693,0.004068893380463123,0.7872151136398315,0.016560761258006096,0.05777844414114952
0.3315127979625355,0.6653481210981097,0.003935361281037331,0.7935935854911804,0.013924784027040005,0.05733798071742058
0.33345742659135297,0.6770452771868024,0.004004438407719135,0.7913503050804138,0.015778332948684692,0.059093035757541656
0.3341108495538885,0.6915788650512695,0.004090562928467989,0.7896405458450317,0.016299890354275703,0.05785762891173363
0.33602631308815695,0.6744681085859027,0.003989318385720253,0.7913547158241272,0.013650963082909584,0.058805618435144424
0.33981524380770595,0.6777985436575753,0.004008939489722252,0.791559636592865,0.011695061810314655,0.053006868809461594
0.33519540266557174,0.6726838520595005,0.003978834953159094,0.7927890419960022,0.0140757504850626,0.05814453214406967
0.33344355496493255,0.680405821119036,0.00402449443936348,0.7888723015785217,0.0143025116994977,0.06290751695632935
0.33263816833496096,0.6883551052638462,0.004071426577866077,0.7893940806388855,0.014621339738368988,0.06357868015766144
0.3327825026078658,0.6826544489179339,0.004037780687212944,0.7926685214042664,0.01192941889166832,0.056905537843704224
0.3315352353182706,0.6756628581455776,0.003996466752141714,0.7911692261695862,0.015266211703419685,0.06144833564758301
0.33376950350674717,0.6852399962288993,0.0040530916303396225,0.7902501821517944,0.015944844111800194,0.06155148148536682
0.3301322590221058,0.6786228588649205,0.00401384849101305,0.7903432846069336,0.016920533031225204,0.06479955464601517
0.33413332158868964,0.6944990839276995,0.004107840359210968,0.7894207835197449,0.014953475445508957,0.05835426226258278
0.33562701832164415,0.6853581837245396,0.004053804557770491,0.7871647477149963,0.014459884725511074,0.06286784261465073
0.33485343239524146,0.6814319746834892,0.004030583426356316,0.790431022644043,0.013725830242037773,0.05237095057964325
0.33420597423206677,0.6979910986764091,0.004128432832658291,0.7881240844726562,0.014736650511622429,0.05801650136709213
0.3278963955965909,0.6879612377711705,0.004069188609719276,0.789524495601654,0.013886656612157822,0.055018797516822815
0.32990684509277346,0.6886775153023856,0.004073378164321184,0.7899246215820312,0.013347325846552849,0.054845619946718216
0.33238677978515624,0.6789845057896206,0.004015911836177111,0.7905527949333191,0.015377710573375225,0.059540990740060806
0.33077097806063566,0.6803483281816755,0.004024218302220106,0.7922093272209167,0.014240525662899017,0.05455976352095604
0.3351448059082031,0.6812501634870257,0.004029448144137859,0.7889624238014221,0.014750787988305092,0.059215039014816284
0.33232047341086646,0.6771617616925921,0.004005104303359985,0.788056492805481,0.01505249086767435,0.06215302646160126
0.3305152199485085,0.6861051150730678,0.004058120306581259,0.7872239351272583,0.014362717047333717,0.05759838968515396
0.3299036199396307,0.6730678422110421,0.003981071524322033,0.788244903087616,0.013768182136118412,0.06509566307067871
0.3327866294167259,0.6752612250191825,0.003993927501142025,0.7901276350021362,0.014223368838429451,0.05565143749117851
0.3295391776344993,0.6857126780918666,0.004055793862789869,0.7882326245307922,0.0190318264067173,0.06338697671890259
0.3271038055419922,0.6893946783883231,0.004077574238181114,0.7911382913589478,0.0152383828535676,0.056389521807432175
0.32860145568847654,0.6742605481828962,0.003988033626228571,0.7919489145278931,0.0157909095287323,0.05745609104633331
0.33138465881347656,0.6757307052612305,0.003996863029897213,0.7905673980712891,0.013494249433279037,0.056339506059885025
0.3318112113259055,0.6831145286560059,0.004040313418954611,0.7900553345680237,0.01300961896777153,0.054981302469968796
0.3321997555819425,0.6775297437395368,0.004007370676845312,0.7911216020584106,0.012849650345742702,0.05356982722878456
0.3321401422674006,0.6836675916399274,0.0040437448769807816,0.7889991402626038,0.01512873824685812,0.05739489197731018
0.32928872541947796,0.6872975485665458,0.0040650516748428345,0.7879163026809692,0.014899183996021748,0.05993655323982239
0.3310782692649148,0.676788330078125,0.004002953879535198,0.7897500991821289,0.014466511085629463,0.06166905537247658
0.32513063604181464,0.688518728528704,0.00407237745821476,0.7888913750648499,0.014952285215258598,0.0554066076874733
0.3291363109241832,0.6769393512180873,0.004003885667771101,0.7935460209846497,0.013640908524394035,0.056366972625255585
0.3267764698375355,0.6655059541974749,0.003936206456273794,0.7928014993667603,0.018284441903233528,0.05548210069537163
0.32991939891468397,0.6774982043675014,0.004007321782410145,0.7907857894897461,0.014293312095105648,0.05450674146413803
0.33015119379216973,0.681931563786098,0.004033360164612532,0.7878928780555725,0.013886482454836369,0.05518241226673126
0.32738238247958096,0.6796413149152484,0.0040200250223279,0.7895196080207825,0.014751971699297428,0.06315842270851135
0.32472090287642047,0.6865768432617188,0.004060880746692419,0.7910418510437012,0.014687927439808846,0.05832179635763168
0.3304025129838423,0.6703514371599469,0.003964962437748909,0.7916121482849121,0.015257047489285469,0.05873590335249901
0.32780258872292256,0.6813292503356934,0.0040300581604242325,0.7905036807060242,0.014139112085103989,0.05618623271584511
0.3313794569535689,0.6793454033987862,0.004018091131001711,0.7909095883369446,0.014653878286480904,0.05547397956252098
0.32634388316761365,0.6877471378871373,0.004068004433065653,0.7890013456344604,0.012851559557020664,0.05798136815428734
0.3260428688742898,0.676471369607108,0.004001181107014418,0.7878038287162781,0.014125141315162182,0.05538540333509445
0.32481984225186433,0.6894377980913434,0.004077836871147156,0.7876805067062378,0.016378305852413177,0.062287911772727966
0.32858144586736504,0.6907838412693569,0.004085881635546684,0.7907739281654358,0.015679050236940384,0.05823002755641937
0.327568886496804,0.6877973420279366,0.0040680160745978355,0.7881789803504944,0.014559421688318253,0.05534694716334343
0.32650507146661933,0.67646210534232,0.004001070745289326,0.7891295552253723,0.017269328236579895,0.061284083873033524
0.3269803827459162,0.6808864048549107,0.004027297254651785,0.7905060648918152,0.013954158872365952,0.05198996141552925
0.32585716247558594,0.670351505279541,0.003964986652135849,0.7899283766746521,0.013974945060908794,0.056572075933218
