,positions_eccentricity,positions_polar_angle,eccentricity_group_index,semi_xc,semi_yc,xy_aspect_ratio,amplitudes,sur_ratio,orientation_center,amplitudec,relative_sur_amplitude,rf_radius,n,p1,p2,tau1,tau2,tonicdrive
0,0.9681661180181366,-1.79458406791967,0,0.007739784444778387,0.004000784432827608,0.6298567775738977,6.365082053370514,2.695974993110186,-1.79458406791967,50.932640244741165,0.12497058905222794,0.005564639172499026,3.2440414185380004,2.2738978549232947,0.2600901953592406,49.211966885796855,185.2161386118498,0.5966441424718774
1,0.9678851821903103,-1.2395686959396646,0,0.007099200663469439,0.0038170914442156156,0.7349153480336779,11.106037900607443,2.021311291721016,-1.2395686959396646,58.2006976830682,0.19082310595459445,0.005205602569664632,4.847387940233988,2.3064497230948593,0.25278567344006997,52.085467126302966,142.5289902734191,1.8577922282066393
2,0.9673247810980409,-0.5246230439831676,0,0.00752028617016031,0.004482948300481416,0.8147330652686153,4.505755463915444,4.984284512728667,-0.5246230439831676,46.78128096241715,0.09631535031148995,0.005806294352308885,4.207721589285105,3.366062088876637,0.17238221074175025,49.52646317331762,205.9558687878965,2.149352026336892
3,0.9676375343419427,-0.029174746621821533,0,0.00820148855031288,0.0029100845908420986,0.7190203165051288,8.70527320759681,3.460945210151736,-0.029174746621821533,66.08028551250356,0.1317378267978218,0.004885388976553803,2.786082584380541,3.009610370566975,0.19999485960797353,51.36362343184952,197.93952013864734,1.1810649124736603
4,0.9683807389979033,0.5014524848167178,0,0.0060761609221171645,0.004317443703533461,0.5314013898085075,15.395244041156833,3.079543503548516,0.5014524848167178,60.11934722357515,0.2560780306529968,0.005121863207354412,4.308775179587911,2.865013410450448,0.15430998472757448,51.58584565093548,210.63452212548933,0.6499977675954458
5,0.9681266684945806,1.0834361541266013,0,0.004982010040350707,0.00419727927312524,0.4385103043909737,21.830279635548163,2.7357883521581936,1.0834361541266013,75.42194742623464,0.28944200435687445,0.004572842385307618,3.7510837487777775,2.718843990311047,0.31733632462198097,54.56875613236608,164.37831765743167,2.439446074143241
6,0.9685378305211244,1.6542055599945973,0,0.005171840689918978,0.004655542128679239,0.7213500694935142,15.661165667485934,2.5789375853720333,1.6542055599945973,65.50203720070253,0.2390943295320586,0.004906905564073483,3.418088102298867,2.6460888162102147,0.21872310972931736,55.04541447129277,211.0437440852647,1.2032012637735043
7,0.9675561715907434,2.201995211407526,0,0.007902222099815372,0.0028885861344740494,1.0658909529874787,10.009323592036685,1.7949246461273376,2.201995211407526,69.09325501333694,0.1448668700020661,0.004777682407722503,3.8556174026941474,2.2971936588209765,0.25911134441607603,55.288488203749,204.28254356649936,1.3874731840773489
8,0.9767254706961893,-1.940410372334932,0,0.004381556903821117,0.0030908132211486796,0.8311091468447374,17.090239488372724,2.1871603352250677,-1.940410372334932,116.45790935600802,0.14675035455194735,0.0036800236422536176,3.821192948848461,2.4334209021858655,0.15841206959544832,54.454327992769414,159.06622325844486,3.4139032098514495
9,0.9757128773878038,-1.3987526877856948,0,0.005600600722623713,0.003968094014616192,0.7952431462504999,6.468207917944215,2.3874348836196666,-1.3987526877856948,70.96654166293918,0.09114447127303238,0.0047142030297493845,3.230129118110972,1.6315477417251252,0.14291114910301167,57.65884974667327,191.57330187760246,1.36908176646598
10,0.9761172310226456,-0.877306071086313,0,0.008696386983043354,0.004096549919230462,0.3955622966230081,10.364933168239542,3.3409590397966493,-0.877306071086313,44.27036455701206,0.23412802835385332,0.005968683556110434,3.4651401612340487,2.3565069920536192,0.14632671130998198,52.88511596547757,191.3070680018806,0.6023847941802831
11,0.9774562630068152,-0.25920772883162,0,0.004636685811462474,0.004139562589403173,0.6962692768763459,12.021984233549954,3.5403759219256137,-0.25920772883162,82.16901579746593,0.14630799842099007,0.0043810787625819456,4.380146747569912,2.244628768276325,0.17515892890519508,50.30514814275293,186.622845256045,1.640834821713666
12,0.9766940704113366,0.30107973214913664,0,0.0053987804327329395,0.0037590102359208685,0.7094333443363419,12.83264672403584,1.7588953351513197,0.30107973214913664,77.71431682471201,0.16512590277259243,0.004504894106206318,3.890613342220283,2.4969722429298713,0.15334469571501247,50.164754650318734,176.64960680996555,2.789303282274785
13,0.9755518314552569,0.8489106907107165,0,0.005090182021819931,0.0035568792259318216,0.5732803425754169,4.942243567257324,2.6820626675969756,0.8489106907107165,87.10995218627436,0.05673569372060863,0.0042550161797134155,4.863425821555401,2.408156521901704,0.24527085019546435,52.86015824944517,168.21675251317444,-0.06912708696342484
14,0.976365736798224,1.431319349738777,0,0.004954002706924404,0.003974715509779871,0.30082776540119505,17.349840659397994,3.123233753608098,1.431319349738777,80.0954633271114,0.21661452395300984,0.004437426212874294,3.920145674590715,2.1044091000101552,0.2092255892844524,49.46115858673925,172.4444023100783,0.823173998343135
15,0.9767745207867413,1.9969270731013447,0,0.0039587397703447725,0.0037105997113386535,0.6328581429102056,10.9187355056725,2.95335186510124,1.9969270731013447,107.36658664869218,0.10169584268706469,0.0038326620838662726,3.08541890727002,3.505296057760992,0.20708290329166823,52.45322964950549,163.5308015773072,0.08699064245682742
16,0.9846985146271209,-1.7418493237265367,0,0.005077759630265474,0.0036358485141860823,0.9984489512624894,10.788152292768517,1.9923282961530235,-1.7418493237265367,85.42643606446973,0.12628587577535016,0.004296738857214247,3.934593168175342,2.5140667166343746,0.1698693847815313,49.42167754157956,195.55330697638678,1.4609320818352245
17,0.9846367601310322,-1.1898058427375973,0,0.005978896603850848,0.0042518365693645695,0.5405683022945693,3.851154691928793,3.5978372485077155,-1.1898058427375973,62.04011599085169,0.06207523358751742,0.005041953116075423,3.6474419968903398,3.0632525555459686,0.22155499262763928,52.824472471680096,222.91885100901933,0.5254178813526451
18,0.9854878488125578,-0.6199850870197663,0,0.005388248689546395,0.003220095235045053,0.577697745170394,15.799512747120168,1.6546408975619116,-0.6199850870197663,90.89790186479657,0.17381603340658724,0.00416541401669103,3.1254427136278307,2.1159209076689827,0.17101527800438937,51.937563310386054,177.8071469773262,0.9487570930139295
19,0.9841165107880742,-0.0309279082254252,0,0.007429091897476607,0.004174728506900507,0.6217581589625634,6.0779378780004345,2.436996967140569,-0.0309279082254252,50.851789312000044,0.11952259616096061,0.005569061116990831,3.6000343291734485,2.3517113829839094,0.23835207767552108,55.03961939619,183.02571457200028,1.1129860427060887
20,0.9848361055926972,0.5407528017013326,0,0.004903140407330713,0.002952965955424145,0.8322650425890346,5.309121261182523,1.9495454257558014,0.5407528017013326,108.92747511359327,0.04873996441803127,0.003805102718391722,3.5409085070063404,3.0616182414809945,0.1896628295915333,57.49684515489791,224.605710029101,2.154596519900098
21,0.9850699023665721,1.0682781238277854,0,0.006641416607155887,0.004427321710655718,0.7270981710693167,5.828512773232251,2.8428006470085543,1.0682781238277854,53.637484513438054,0.10866491644983846,0.005422516752797606,3.3415711220544866,2.7094657414358565,0.2077466762109687,54.80213944408522,201.73841157194497,0.8054706962372933
22,0.9854697029206408,1.6809865379449942,0,0.004970183227049628,0.004262373334259907,0.5858772108889394,11.838234400906305,2.1654276193743534,1.6809865379449942,74.44684911779984,0.15901592265072567,0.004602692304875722,3.5886593853030773,2.998807784503734,0.18461069247249284,52.742486831657764,202.40896190581012,1.8150679340965752
23,0.9848665218489018,2.2519741185317637,0,0.006248206614471912,0.002881779093132371,0.7230459089050867,20.0020137324908,3.1582473589302364,2.2519741185317637,87.58992176944092,0.22835976249803278,0.00424334198376192,3.029435215648361,2.5147565509046252,0.10783493796393298,48.60051503095509,185.009174380308,1.1895196476528405
24,0.9932594366790024,-2.020022393554361,0,0.004686457683025913,0.0034510462192666853,0.7557274538164926,5.68969860688433,2.193185656053181,-2.020022393554361,97.51574238839345,0.05834646250471997,0.004021589495306537,4.414830260768287,2.2267685110389106,0.24221030928566328,56.38538533431392,154.67383626963195,1.1366016360009414
25,0.9930764570049134,-1.4186954122404793,0,0.004167200045700114,0.004392272173664064,0.6188318682947085,8.708828665636428,2.7561833365825565,-1.4186954122404793,86.16613516699546,0.10107020175337054,0.004278256280638202,4.249237499194833,2.1440153449037354,0.23664834952831093,53.72134207141544,176.52790693967737,0.0053176584774980995
26,0.9938135097900904,-0.8575579202070539,0,0.005168565413385549,0.004182692247266945,0.7844516640066099,12.535371105577905,2.5347942384004556,-0.8575579202070539,72.95318859988771,0.17182759720521934,0.004649571860296365,4.281615748573158,2.46530083833575,0.1939144382644326,52.26676637064249,162.0584659317295,0.4090861839088564
27,0.9938129440525465,-0.26933305885355624,0,0.006753973352755445,0.0036319467936652334,0.6895579553934219,9.119057822631145,2.5951698446762523,-0.26933305885355624,64.29413925175037,0.14183342259120274,0.004952784253633562,4.198026117046902,2.4319460448524737,0.24460239397690725,48.447367431273214,187.0244718828918,1.4948174750801986
28,0.9940205194585242,0.32618709466266244,0,0.005681051614824201,0.004405855223601475,0.6646727384157503,7.876470963121666,3.775206954145471,0.32618709466266244,63.01025683479512,0.1250029972703138,0.005002988200338154,4.219809144576965,2.4634287380563364,0.1970110771684182,50.83241442122561,183.03722765138494,1.307748552070441
29,0.9931860703257911,0.8733731247954564,0,0.006195098115335081,0.004041111049229409,0.5150410346673329,7.375725749232823,2.142437658271476,0.8733731247954564,62.997197979193295,0.11708021921338274,0.005003506714789227,3.648876987004324,2.1071188533544323,0.18575035441717969,48.72297468244434,165.5208963125768,1.0596298810400882
30,0.9930210894059112,1.4368612387239643,0,0.006815531026873956,0.003198941679186724,0.9465915102744633,14.20896477955981,3.147253810530462,1.4368612387239643,72.33761493327304,0.19642567414845924,0.004669313254393776,3.3673031700826908,2.9294359153377485,0.28919081457500073,57.629493034116706,184.97402096930514,2.049062498828871
31,0.9940284753883073,1.9881227896082414,0,0.00758651437177042,0.0031502908181197916,0.9558462630711722,16.436532315249057,4.377624417702826,1.9881227896082414,65.98987029418879,0.2490765967863479,0.004888734659083288,4.120382234353932,2.459006958576934,0.15718229201552425,49.799234455780564,186.47975814962368,0.9927652506316562
32,1.0016553661725567,-1.7933236197682727,0,0.005634285252506312,0.0030619446698871822,0.9424612168690265,20.11532709568018,2.211381877141358,-1.7933236197682727,91.41848877070176,0.22003565543654927,0.0041535370104930636,2.9743922933809874,2.736102813766246,0.1751211256597769,47.61559637563589,158.2758656530759,2.0566589209473847
33,1.000895622223695,-1.200119666826067,0,0.004080656754430881,0.003925448522403709,0.6104739897267124,11.34340116933131,2.664222157023059,-1.200119666826067,98.45796495805625,0.1152105995097875,0.004002300341943045,3.7720729453776163,1.5584366928854703,0.2324353424038817,50.07575626546979,206.53594518525298,0.7514068668904166
34,1.0015737489995118,-0.5910249963878158,0,0.00483978314883551,0.003354663942085705,0.9584467313893903,18.38355694504897,3.637017258242592,-0.5910249963878158,97.13937016740022,0.18924929113055394,0.0040293729061620116,2.4143352699346035,2.627316069818768,0.214500515904196,53.21079336622353,166.4468490155747,1.4962364680182443
35,1.0018641206591772,-0.055496919728563604,0,0.004063579041603691,0.003502055363670467,0.5138850742881425,12.433136055286562,1.9658871575080166,-0.055496919728563604,110.82519082500092,0.112186913126269,0.003772383699777516,4.261931934437169,2.6508055187305946,0.14054049312996486,50.57105280536099,185.21265955019734,1.131809836590513
36,1.001632978101126,0.47254583411313955,0,0.005010467989342077,0.003552475285338659,0.7146298685775427,18.78801431292153,2.2012154736228626,0.47254583411313955,88.60553453943925,0.21204109213469943,0.004218952915134064,4.11957529547127,2.109026425720357,0.13111874485180536,51.31800937692344,164.83606389025343,1.761411822641323
37,1.0016012385012534,1.0779204031255143,0,0.004071520761414149,0.004545166615966789,0.37434936785436257,24.656642142634965,2.4943051548461828,1.0779204031255143,85.22435934359318,0.28931449098054796,0.004301829871228669,3.394180368618148,2.4178352393866476,0.15935436018640997,48.68669039743315,190.17871395065688,1.6740971474672097
38,1.0017920037524282,1.6723799136655786,0,0.004077567671901272,0.0037280772703309727,0.4954304368373792,13.30076421113409,1.5796640642344366,1.6723799136655786,103.74904897780839,0.1282013121294161,0.0038989084826206825,3.662482833947465,2.2369832838037738,0.15300385663775506,47.619812635439395,175.80301959704562,1.8462850465149607
39,1.0021851873979488,2.242488282092465,0,0.0072803184793025335,0.002732866938075756,0.5657675432695721,7.094263784873461,2.4434714470275223,2.242488282092465,79.26862817510747,0.08949648742756035,0.004460509126854003,3.0864866009561713,2.487015061194054,0.17014875291303883,52.3760170561493,181.89162034172537,0.5880684251672506
40,1.0100581111766134,-2.0156797134547015,0,0.005627031343872116,0.0034924533369250395,0.5098220374269284,12.278651692976798,3.239278206951019,-2.0156797134547015,80.25281234491041,0.15299964367859942,0.0044330739215456315,2.7125962409641176,2.686947199270209,0.18386921495751263,51.36577814176611,213.95871700713442,1.0918098538737055
41,1.0097073129158198,-1.4665985697698125,0,0.007030487693369676,0.004010370344639393,0.5935065796219181,7.664398265478046,2.306300883317914,-1.4665985697698125,55.93714217279347,0.13701805218797594,0.005309883177042783,3.6590679320519217,2.533870438492098,0.3576255310277308,47.528109947512036,178.35850708659612,0.9011569663558081
42,1.0103032110439152,-0.8463803781877507,0,0.004434800860999195,0.004223669941943312,0.5448256401892091,11.18035895387019,1.856228020308932,-0.8463803781877507,84.19884049791466,0.132785189056696,0.004327948139142453,4.56824310031041,2.436474791759723,0.13683750737800374,51.04592531968527,174.46399896540296,0.49994109492747185
43,1.009598546814564,-0.28990198837987213,0,0.0071930248797885225,0.003804113341405896,0.3423827390371026,11.848133483285,2.1847506913984107,-0.28990198837987213,57.63750813558571,0.2055629028134528,0.005230973323413919,3.6595873398381458,2.3229514311803534,0.2171921605712166,53.3186939995668,154.8636743696778,0.6561751352927061
44,1.010339305560073,0.2803891637157152,0,0.006938167127816179,0.0036283915217583274,0.8527476906712006,8.966262463116971,2.302753442717413,0.2803891637157152,62.64859080006961,0.14311993851116295,0.005017408373165428,4.827489650300579,2.7692615155924596,0.20344151603977184,61.54590527475287,198.32998609686334,2.7948951621598663
45,1.010502575175451,0.8291594681902145,0,0.008315887565044781,0.0031766180921038844,0.5654610082313669,5.911544522415532,2.094873771362715,0.8291594681902145,59.70306031204465,0.09901577057387329,0.005139688598643206,4.580183190909355,2.3131702232171936,0.22488516018422078,49.29493107714602,201.3740319493393,0.8528534343821637
46,1.0106078297152195,1.4069676954826182,0,0.00615527581507058,0.00386247151377961,0.42612150778593993,12.421336300152863,2.007988126321851,1.4069676954826182,66.33724012712328,0.18724529806108342,0.004875918118176994,4.164161408509357,2.7745557267292877,0.18795111647951368,49.466848468612866,189.10637100318738,0.9569520838883054
47,1.0100410309284429,1.9789614360156742,0,0.007056719624021179,0.0033663775348656997,0.576230954555194,5.475809165549397,3.300597522031266,1.9789614360156742,66.3902837175264,0.08247907463157648,0.004873969882154672,4.468259379288007,2.1371436316611874,0.3013532812283422,48.551955538221236,180.66675859531134,0.16338912141024942
48,1.0188087758221525,-1.7601160706076286,0,0.0075593383706958235,0.0033515678649930435,0.9050701994837942,8.59659817748112,1.9540199643283127,-1.7601160706076286,62.24986352697481,0.13809826544850087,0.005033451655060669,3.629349008967769,2.3395994712169905,0.13802916235001916,48.89664175062282,193.1184318311564,1.7567670694769735
49,1.0182960419620515,-1.1757188784348158,0,0.005641873879123511,0.00392424255315566,0.5305698344982053,12.371325196016986,3.886005926240047,-1.1757188784348158,71.23460011784836,0.17367017117454497,0.004705324808766539,4.245173459429171,2.6804733637529274,0.19952086817522974,49.10479596249784,158.93910839693066,2.172201602691308
50,1.0186200248192037,-0.5877535022060597,0,0.007272382878001627,0.004431614791317553,0.8752054149858624,7.670981843132462,1.9754434956094895,-0.5877535022060597,48.9363381118616,0.15675430853852762,0.0056770062119286535,5.195501565518537,2.9659061282329695,0.21476050676512526,53.06392827439384,157.6230339031899,0.8232676018576353
51,1.0182159603928216,-0.027561076667044125,0,0.007996734775589756,0.0038854716800288233,0.3733862312786309,8.370061478763125,2.1968710022909184,-0.027561076667044125,50.75908291950203,0.16489780739413798,0.0055741444637949274,4.674540201294055,2.5884758989357106,0.20117284070888836,56.20825208451865,179.99425008024244,1.4669113089240273
52,1.0193106996104289,0.5534773318633722,0,0.00474398163837184,0.0038550784169814932,0.7295678032695752,8.770100728242559,2.312813485124532,0.5534773318633722,86.23706971996937,0.10169757340690024,0.004276496372574609,3.4673948332225373,2.7561453768470585,0.1014765748869692,49.400894864593454,188.0219039292244,0.8352679226652668
53,1.0188051773727087,1.0768491354647274,0,0.004901652390248619,0.00357500800575392,0.5768200638942285,30.44780030687961,1.5433239974204334,1.0768491354647274,90.00169304178621,0.3383025282951425,0.004186101591763111,3.5309665953615466,2.7613805886750225,0.1059023804590174,52.103544144323195,154.13837118425764,-0.38999128664452876
54,1.0189043689472503,1.6692423858043406,0,0.006343926725069038,0.002538640582732539,0.6551134605549733,23.16362674859863,2.9423953707621706,1.6692423858043406,97.9288896934401,0.23653517180793973,0.004013097287400567,4.529818235274546,2.761247339736963,0.17158824652981536,56.99041326668355,204.5683711171616,1.4556536341271684
55,1.0187436275314343,2.235940407608678,0,0.005417357788398591,0.004011336111198588,0.6342837939912471,6.8253038809168425,2.551895636671722,2.235940407608678,72.57610124659303,0.09404340772903182,0.004661635219950847,3.4191806821031308,2.976479359913627,0.17193781735517127,49.74345000079989,213.3654047141089,1.7462836549837473
56,1.0271284100262996,-2.0010105887565928,0,0.0050995451944976814,0.004709373099311426,0.8418188017200015,6.2610587948825644,2.6697032875187325,-2.0010105887565928,65.67130752704709,0.0953393351016182,0.0049005776146991325,3.068942624648559,2.3503075685634585,0.1980408378416555,48.61911672795816,173.05476339494427,2.657376128421653
57,1.026592244694192,-1.4660491213266647,0,0.005479605763705718,0.0032046172505451184,0.6361079294674792,11.99629158033329,1.8628863340991275,-1.4660491213266647,89.81414233514337,0.1335679578787144,0.004190470040050138,3.0689276995109562,2.896495163964305,0.23699186897637053,52.551769994217075,174.9067372025908,3.1453457104150733
58,1.0270100682660452,-0.8864993960163201,0,0.005271463735064958,0.004652840169213934,0.8211166214550438,2.279061285919078,1.9931086044835218,-0.8864993960163201,64.3014623253421,0.035443381899899165,0.004952502217774845,5.025533099325641,2.2383464910191098,0.1426084552351214,52.44535329325252,183.4972282936669,0.6365343534938201
59,1.0269531833740433,-0.2731999450074928,0,0.005873986879799836,0.003026448001261892,0.6898856806301641,7.1085985057937995,2.215370646296633,-0.2731999450074928,88.7164220608312,0.08012720013572645,0.004216315435520543,3.5657043740995715,2.6452024165487273,0.2220019996078188,52.73143360775308,196.5160418428097,-0.032070039942144746
60,1.0273312869625204,0.2770459887651327,0,0.00854201303439562,0.004606600275018198,0.7551066672767859,6.341498622181556,2.745831872624394,0.2770459887651327,40.08016013646189,0.15822039135049615,0.0062729291079571346,5.40499207721468,2.4072414140530487,0.19281662038699593,52.98956766834837,168.63175638176895,1.5718340340805543
61,1.0264133343208839,0.8239031925024071,0,0.005426794439614938,0.00386174052817605,0.824811390423883,12.445542161066564,2.3157158790437635,0.8239031925024071,75.25645307637586,0.1653750828309155,0.004577867628660907,3.21656969090713,2.126477685952942,0.27479353838838905,47.29418343695395,171.64974972522586,0.739418104006127
62,1.027612536438947,1.4495782169082159,0,0.007080379732463515,0.004936646141872566,0.6294777959773212,8.066927612696402,2.940146750711088,1.4495782169082159,45.12130570355809,0.17878311557948276,0.005912134072334517,3.29188518608631,2.589505334426425,0.2036502828908754,48.623547648543,171.52145366102806,1.4362899269188905
63,1.0280734246369159,1.9594475464444503,0,0.0049846322565478135,0.004123450600049593,0.5840389546704792,7.47010153453401,3.164897996687539,1.9594475464444503,76.73195924991856,0.09735319686290869,0.004533639252222064,4.499825982764686,2.3726730288855027,0.18629656931160882,50.8856442710688,188.14840318985713,1.6317998715163942
64,1.035757593580858,-1.7725394949930713,0,0.00407272256576886,0.004025341568731763,0.6158251149323388,20.10531570280312,2.8408997396445588,-1.7725394949930713,96.20167681713585,0.20899132289575517,0.004048962761239139,3.9161725277640627,2.614371668966072,0.23956507382758002,56.12191702516528,190.34691723035613,0.6408418081308227
65,1.0353376680832709,-1.1917526650255454,0,0.0060410053111147645,0.004084910742285291,0.8218280630278665,14.60031564756144,3.2951008828266923,-1.1917526650255454,63.911412813751824,0.2284461413818079,0.004967591719291673,4.395342731143318,2.4883503081138674,0.1165361092856309,52.07763423019049,161.76559630118058,1.4353533768491218
66,1.03572625118638,-0.5878660187063693,0,0.004684458500084723,0.005148187501760747,0.7334943117727875,8.541979683121713,2.1355708512488034,-0.5878660187063693,65.39679357163449,0.13061771405909955,0.004910852339732184,3.1618483429868722,3.420849659207015,0.1977698491149203,51.135463804279,219.2189652323856,1.8983387070952968
67,1.0358417427439763,-0.0585950425454671,0,0.004705870995055971,0.003676259004929045,0.4595726997334937,12.5559608422823,3.45166767855013,-0.0585950425454671,91.16415026296674,0.1377291490795901,0.004159326943341785,3.9965740495710578,2.514218598818946,0.17657661779829797,55.781443306430575,186.14355651337084,0.7368110678706863
68,1.035342682184891,0.47618545305696536,0,0.005044866378181294,0.002682677798605881,0.571666168332728,8.595762995343172,2.591373860593557,0.47618545305696536,116.53383106863899,0.07376195321580242,0.003678824680476119,4.035955238458339,2.491934923643756,0.179202666364141,52.99041528322671,177.34029638603565,1.3953086006800408
69,1.0354158224001897,1.0735640431311197,0,0.005071807684928771,0.003816368946371696,0.654209988886737,10.504438879157624,2.0786081069886757,1.0735640431311197,81.4811361875331,0.1289186598353404,0.004399532855966811,4.52497721171772,1.4709975435578624,0.19546257269167716,61.25669859153529,190.95589596952132,0.9979409304078608
70,1.0356821072394997,1.660298423854884,0,0.004248169272289134,0.004606880434926184,0.5065771380621218,14.540341792811676,2.925895610913864,1.660298423854884,80.58634390018754,0.1804318335972782,0.004423890584628356,4.692015736489359,2.82772190678231,0.2556384856975539,55.26532760184717,177.67060251825248,0.8871284608420602
71,1.0351866512471892,2.236750932251078,0,0.004311136380051565,0.0034383802763066364,0.5173825836118411,14.357912070734857,2.4294474845568885,2.236750932251078,106.39581323047281,0.13494809273775643,0.0038501073098859587,3.448641773442748,2.5622198588374214,0.2853037970539896,52.46084756938164,187.4960696882433,2.2933383590144754
72,1.0438896455088713,-2.004445487686248,0,0.006421664628998099,0.003007421182892898,0.7811125974418691,14.209304554208959,2.9799691814540163,-2.004445487686248,81.66356440223002,0.17399809398744465,0.004394616050883506,4.862779805126482,3.012926942710072,0.1622896967399952,48.451368270279765,184.14104509920483,1.1334852635922985
73,1.0444971127169838,-1.3825998076874617,0,0.0066573664412496215,0.0029725903878215004,0.8384916080646003,19.938459518319267,3.990195438116836,-1.3825998076874617,79.69529369257825,0.2501836506837049,0.004448552966017608,2.4659285311150505,2.4290856757672348,0.22912065043034724,51.87190915978156,196.44509056833263,1.047192642906884
74,1.0442533728836032,-0.8546661452173325,0,0.006612645663256981,0.0037045360882507023,0.5874177006334804,7.320041826616567,2.648618521915805,-0.8546661452173325,64.38150510423128,0.1136978984067814,0.0049494226429301815,6.429663566319506,2.962443119489743,0.2261840878094773,49.16139079232768,209.21784674596333,1.5246912512721345
75,1.0445499391692403,-0.2586242088255155,0,0.005504124492960885,0.0035091612107363635,0.76068845905453,7.976151939451126,2.683924934434164,-0.2586242088255155,81.65422075831593,0.0976820532408156,0.004394867480341391,3.5644026936133892,2.7542917181592497,0.1894901421604792,56.12171700802101,191.61471093568795,0.8012407706434832
76,1.0443573392428782,0.2956663831181573,0,0.004867426208316635,0.0034739963667854003,0.9828319276335851,8.701610668051774,2.240415821921414,0.2956663831181573,93.26989136067375,0.09329495876008616,0.004112106633258435,4.539280541139373,2.1452306237725587,0.18481309971529397,47.51302597682807,182.7305500784884,1.2569337786880759
77,1.0446956628581963,0.8617605402038653,0,0.006212571514436652,0.004764950858652243,0.5611340259858437,11.599563285838078,1.6750810352646541,0.8617605402038653,53.27707580602755,0.21772147045138224,0.005440826956644862,4.818306626113425,2.829857402229246,0.1090860693983127,47.98873647010426,213.45808413409034,1.101274177441379
78,1.0443442088583406,1.473849575856802,0,0.005824900616488807,0.004988673591312388,0.533084161077555,6.954283520195083,1.3748935353176484,1.473849575856802,54.27459583866659,0.12813146579418055,0.005390596245082445,4.674052334426181,3.2340290215222964,0.39981184212053134,50.295609626427684,146.94809709003343,1.3981434212068855
79,1.0438873628005554,2.038576278331969,0,0.010677590248863802,0.004006495633689306,0.4661834888653822,10.36869517796083,2.6038880309029744,2.038576278331969,36.86653170616797,0.281249542555317,0.00654062066706183,3.455184516348815,2.808896172733286,0.22574188229160597,47.79794792337246,204.3449225438072,0.15133341467302586
80,1.053483135793134,-1.7770498822302667,0,0.004927407278610382,0.004708156147290089,0.8788633881229475,12.569916066627945,2.47353157276139,-1.7770498822302667,67.9830881147842,0.18489769169362552,0.004816534321375837,3.960148243118043,2.469466255092957,0.13798995672872294,52.36866727225572,186.12010841910384,0.4004255124858904
81,1.0523245666567442,-1.255932885119004,0,0.00488181925973857,0.0033446519423517462,0.7365336964330722,16.45473202092193,1.5144273135369177,-1.255932885119004,96.59120421871181,0.17035435217955686,0.004040790302563939,4.076064700040652,2.66477756398327,0.1700443056140964,47.40742512201834,169.96351045258652,3.1706124248505496
82,1.0520609959089078,-0.640222179014281,0,0.009489205727154794,0.004933556167196364,0.6258055247506926,3.5220746449040683,4.590623997732617,-0.640222179014281,33.68839090755464,0.10454861600748765,0.006842187474558089,3.603324907027109,2.326657939335771,0.14580700303168248,52.63440630597324,167.61986455665001,2.720305698925417
83,1.052296468083673,-0.0683472803329375,0,0.0055600229288217924,0.003994009294439691,0.7833960418130661,8.109096686546666,2.2478926231814627,-0.0683472803329375,71.02063536653,0.11417944439241459,0.004712407373626778,4.620389698834512,2.187582653464437,0.18741026539926098,50.49817344220965,184.13975370325048,1.3819059953105164
84,1.05379672382023,0.5461677254981251,0,0.006251054346014316,0.0037025642880014163,0.7363165563778478,7.350096517181242,2.770076187757784,0.5461677254981251,68.14191343111085,0.1078645454329946,0.004810917852542138,3.2575307632664536,2.641951512261043,0.1489064287608003,48.87043557429096,200.37595297531792,0.7669794205367175
85,1.0521273404298284,1.1272789712642428,0,0.00602132451116552,0.003001804727925587,0.3806605036411972,18.24711563115274,3.4929346863746065,1.1272789712642428,87.25608760784158,0.20912140495184087,0.00425145156223035,3.416484061627519,2.4879502313651116,0.25062431776529315,48.74395223365125,173.59024458188648,0.3815080338307144
86,1.0518064003944758,1.653144398020417,0,0.005128475788501458,0.0038163218921214025,0.8542206368028795,3.478433922361758,3.857335695210645,1.653144398020417,80.5817878609508,0.04316650219233192,0.004424015644736429,4.675432693100484,2.788343885098719,0.25275278455934674,49.87318716792166,157.159836476062,1.969140501389722
87,1.051966707095036,2.229806866977069,0,0.0053650635994612235,0.0040395945368337,0.6530446946350927,14.456926345443994,1.5088015629814864,2.229806866977069,72.77086817767452,0.19866365081898607,0.00465539274456505,3.462346652816995,2.332046436823905,0.2637930285112305,48.64692195147037,185.1898411241684,2.073136532227492
88,1.061040840533027,-1.7883344908305248,1,0.004189877221398103,0.004051196911774676,0.5831303881216274,16.192612624543493,2.9668635219130244,-1.7883344908305248,92.91494140072513,0.17427350628902322,0.004119953599258498,3.2300580659981,2.2566082974802075,0.2664769676635861,47.97690317148597,215.6653963036451,2.831141102690893
89,1.0610752055105914,-1.2846305982762447,1,0.0067957991479614295,0.002852350815879287,0.9515746844287643,23.129464680938817,2.4316543173399428,-1.2846305982762447,81.36295874209891,0.2842751177996572,0.004402726796456889,4.044918253519253,1.9689494132934104,0.22017726146778793,50.58493144308061,203.5904353648875,0.2832415698871209
90,1.0609444624223827,-0.7510975790732783,1,0.006301481535830405,0.003969108956885451,0.4773719603183033,13.817117873872558,2.635891919872536,-0.7510975790732783,63.05717613112485,0.21912046687819353,0.005001126553638964,4.339430234602519,2.3412891560437785,0.2372262176772763,50.439554585646206,186.95676351424075,0.8576626711680824
91,1.0610610084646546,-0.2446384331635072,1,0.0071891111531676415,0.003499717102457918,0.7107028704724856,9.681834181092716,2.1379042867393196,-0.2446384331635072,62.68477462539298,0.1544527237906141,0.005015960053091707,4.844927182912946,2.015462776283785,0.16735449628730661,49.52750914819212,201.2253045798643,0.4949579327996325
92,1.0602379683970407,0.27671520770907404,1,0.004786636418418457,0.004685560665426063,0.5602141702269334,13.127151956353304,1.9050169088965865,0.27671520770907404,70.31989297281201,0.18667764414016802,0.004735828894907143,4.867482597545104,2.591554434159905,0.2804776450214298,49.99816043974719,211.09727252093623,1.59959975837746
93,1.060952780335722,0.7372927841689183,1,0.0049492238342865305,0.0033645696742448656,0.6655689957172637,14.866700454075772,1.8003392404391967,0.7372927841689183,94.71168978962785,0.15696795703991195,0.004080687248968041,4.325804064156812,2.75705564847555,0.17688348040678803,60.512706799903334,195.20264280295336,0.8699729177849349
94,1.0616407551159364,1.243365853318969,1,0.004843580393184224,0.003570207716965522,0.8328202448688193,6.41463658303199,2.848554270854891,1.243365853318969,91.20322807242285,0.07033343795614605,0.004158435775323362,3.795127834299791,2.666572535040885,0.3912673042909431,50.756103669916186,171.0959134680181,0.5243453335060391
95,1.0605144050217552,1.7143476888644231,1,0.00932570569635739,0.003182521234601902,0.9180208284548974,5.633847291305115,2.256903617359027,1.7143476888644231,53.139466657349026,0.10602001950138074,0.005447867142864748,4.965284144421612,2.5751878565787756,0.28079233179532326,48.19621265068662,202.5976852957659,1.3246877276026972
96,1.0613127892018506,2.27106131620629,1,0.005792231047485139,0.0031510819047399965,0.6497236903398733,11.783475325424199,2.010257049080408,2.27106131620629,86.4101259329065,0.13636683430566376,0.00427221189102362,4.193955609990987,2.168326851135115,0.16317024660985852,49.464527219114025,185.91855235407795,0.059573484571950885
97,1.068824742372509,-2.013257546018752,1,0.00629353884517748,0.0036006796788512776,0.6804553327619227,4.249139548915492,2.9246102754222423,-2.013257546018752,69.59704528873424,0.061053447474490784,0.004760358959983132,4.096507788366947,2.3417793088881638,0.14341346347148134,54.65382608253388,161.39412626841155,2.1333536781252516
98,1.0695586651849205,-1.4677272901830987,1,0.004956122406506162,0.003230984554274056,0.5359080849588749,7.626725124996939,1.2264425624819397,-1.4677272901830987,98.49026389132594,0.07743633556929302,0.004001644030209706,3.571714142389237,2.1397013788796606,0.30861426656500546,49.23279862955496,160.55168901521003,1.6178991627771495
99,1.0693587623608396,-0.9836745587968453,1,0.00567341226494014,0.002434587395570861,0.6970293332040574,31.022914536549255,1.3646376885893456,-0.9836745587968453,114.18274898342474,0.2716952850824486,0.0037165061536475886,4.161653949928404,2.790631320034567,0.1965405178980541,50.44259561990918,174.65584700057227,0.702537286803592
100,1.0695797426799152,-0.531261603514114,1,0.006364190381374783,0.002440303754635084,0.7688166609149216,17.2672564920786,2.0626870798590913,-0.531261603514114,101.55075486800989,0.17003572759770852,0.003940882855767394,6.499374377913864,2.1945421551328472,0.26158715280792594,52.67706774942003,156.1944099331698,1.5847374798065488
101,1.0698563242773105,5.4536306552644774e-05,1,0.005321822101747326,0.002756830277697701,0.7862373139070113,11.589420905178407,3.2902859292367532,5.4536306552644774e-05,107.4978613902871,0.10781071135081728,0.003830321174864824,5.444153454785707,2.5222565095116245,0.19836015495789705,58.63646554729462,158.87372023924,2.3921303670007905
102,1.0694352065598418,0.47266001036748395,1,0.005229887552746266,0.004059602586023047,0.6518125399897923,12.593489338451697,1.9939517973103906,0.47266001036748395,74.28383818446754,0.16953202266122197,0.004607739688148462,3.5259250800125796,1.9898062356724981,0.15052825230365696,53.54245299350186,187.81580336771404,1.0715340343206492
103,1.0707816587570855,0.9816785878633637,1,0.006402794496562609,0.002800578098604679,0.7811674663707029,14.875519523926732,1.4696893166914007,0.9816785878633637,87.95346547576537,0.1691294304716796,0.004234563264014344,4.313452676255228,1.7047798423186133,0.20827214832110463,49.863363201670616,211.75090443873765,0.8741208632398347
104,1.06897740856164,1.4750258064234287,1,0.007122831833280368,0.003597608711673627,0.5261303793418544,14.249047306802364,1.9641883672035185,1.4750258064234287,61.54653247187186,0.23151665470860597,0.0050621301697206175,3.26862024057801,2.0899950024424587,0.23779048468597602,53.03465952513944,144.47590796545418,1.4310956304537044
105,1.0695131563705718,2.007440283195913,1,0.004732222195547386,0.0036586529442045796,0.48441662511221795,11.82825127669617,2.0911881178248253,2.007440283195913,91.09276067542744,0.12984842252000028,0.004160956460763523,3.8101309507228125,2.8128154984160076,0.22855909638269262,51.981098540918175,159.56480821678926,0.636527554568632
106,1.0776796278367824,-1.797734644794798,1,0.005235629725637785,0.005136795395072675,0.6813556606443725,8.937594680780542,1.677374611181818,-1.797734644794798,58.642032549096825,0.15240936052647436,0.005185977117666621,3.995093356579709,2.8488906931292224,0.15756513451770637,58.734190351702914,192.02256527932192,0.895803989290382
107,1.07710114453625,-1.2683487152433968,1,0.005993900926708699,0.005584941585512501,0.5717568371507307,6.686766025769823,1.64582810574338,-1.2683487152433968,47.11313583996104,0.14192997147301228,0.005785809065724286,4.679698938462233,3.388037416284833,0.34851232517413366,48.54949546606671,205.07575046039855,0.3631057252144405
108,1.0774503438339798,-0.808791068848393,1,0.00700102641162723,0.0029211286401268372,0.8749632015780979,12.125094285942225,4.712476421897014,-0.808791068848393,77.11836406931532,0.157227068186301,0.004522266993587256,3.5811274900253114,2.887190301365937,0.18642436784781996,49.576538567463736,230.30860361342067,-0.14571432413676
109,1.0776918935436564,-0.24514662413116622,1,0.00525370040686917,0.004311021965250539,0.9329509818366795,11.97497434779695,3.5442614437557656,-0.24514662413116622,69.63453308971312,0.1719689041695603,0.004759077416144718,3.4644597822824554,2.0263436293531374,0.22124436695020877,52.82009559863758,198.21828331483638,1.8442425299863263
110,1.0769083182859382,0.23303173950899103,1,0.007016935214876781,0.004084165982691084,0.7282243924227121,7.818284983085716,2.3742597730016284,0.23303173950899103,55.03251446875072,0.14206665020776393,0.005353347374059234,3.4669321570072715,2.189613189077905,0.16796733576829492,51.322422036688444,178.166471132049,0.8594208622496264
111,1.077561469889527,0.7251094839803678,1,0.006129338130046865,0.003001188681186862,0.5146846770477349,20.038960629702,2.6572981512045732,0.7251094839803678,85.73602156181872,0.2337286039713564,0.004288974261879371,3.248994531135453,1.8697325132964888,0.28202360025167417,51.5197615548562,194.58913496966542,2.146873671841224
112,1.07677861926775,1.2063600380168262,1,0.004769038476036239,0.004495924406864974,0.2506361316750656,18.15993609901671,2.0952687054267383,1.2063600380168262,73.55638549878549,0.24688456312629112,0.004630468278877361,4.446680550563169,2.399176997756598,0.20596994761837528,53.81691027612908,183.29503555179318,0.8190567041019658
113,1.0773861582642095,1.7108512083001066,1,0.00438398738991228,0.004966218109741555,0.7103785007140675,18.986888617663592,2.359723057489405,1.7108512083001066,72.43944619943127,0.26210703717131206,0.004666030172283606,4.792619254751049,2.793284993731957,0.16581112383057622,57.07894932340906,184.30990976869012,1.5363506105653926
114,1.0784654087608738,2.2242047263876668,1,0.00898958505050356,0.0038901955590782498,0.5768420219003276,2.4353014824161368,2.608472647071502,2.2242047263876668,45.098191627647324,0.05399998080905714,0.005913648944723145,4.688296725812919,2.9679759585066368,0.26208388479188677,53.63617948037994,188.18714444626485,0.55444256492782
115,1.0857510203607001,-2.0071049754510817,1,0.005456062575387923,0.004275568395093601,0.5947822325114185,6.080148019040269,1.812928279426102,-2.0071049754510817,67.60783150299956,0.08993259928430793,0.0048298828877087275,4.4137257848571165,2.7864059234844074,0.2084210669622651,49.03580865716856,207.03431572467795,0.5762149710408639
116,1.0852646436410671,-1.5283760665014958,1,0.006224602655640914,0.003150840859280703,0.856040967773918,18.083762974594467,2.664253387932086,-1.5283760665014958,80.41408130422131,0.22488303890683342,0.004428626466544741,3.6832564339322547,2.6659558913288706,0.22894861461499394,48.12361131255175,162.2514133683039,1.9379952513013112
117,1.0853543418513245,-1.0070122770296128,1,0.004232826985142076,0.003783665196691903,0.611735654423929,19.502676800237367,2.740414310254757,-1.0070122770296128,98.47522676092899,0.19804652846938398,0.004001949543322653,4.607083690683488,2.456778734500901,0.1577878371849037,47.72131980908316,220.21630340473266,1.5034763828332753
118,1.0852311193429076,-0.48162989379165877,1,0.006599132430655463,0.0035671100455109293,0.627093419461507,9.44209784429437,2.2026722046034237,-0.48162989379165877,66.99877399375853,0.1409294123079622,0.0048517864323409845,4.151204572778781,3.1746808228545618,0.16183918287317878,54.421756530332246,185.3916074294767,2.756022708832683
119,1.085689478374032,-0.030836923285176888,1,0.007362548642211723,0.0039885256745049525,0.5769964719008802,10.486763217891632,2.3341795397944347,-0.030836923285176888,53.706844678896815,0.19525934321016303,0.005419014143666081,4.253935236058949,2.6504981152084106,0.23182057309247633,48.27933598803918,183.34934636796626,2.1263683675546527
120,1.0855613040301775,0.5385434518551349,1,0.004633210007654592,0.004151629632736086,0.6120663094732073,11.802657886109595,2.9810743083664786,0.5385434518551349,81.99164847423113,0.14394951322169125,0.004385814857294844,4.758915624073674,2.3312642040299423,0.23062346949290258,51.52823243739257,198.51612095688418,0.6100310282998329
121,1.0860381178638714,1.0120442008777435,1,0.006104164470677394,0.004348054961280418,0.9056401251919719,9.523551653552136,2.5689593038485823,1.0120442008777435,59.42223125424485,0.160269169510053,0.005151819349627906,4.202141786199211,2.435948309543452,0.12807793433739936,50.704867355292336,159.3978622094974,-0.009581990713240174
122,1.0855112105944766,1.5068174813245456,1,0.004738313177278615,0.004309340569573535,0.6670077164128665,6.674544281299383,2.2271947593734454,1.5068174813245456,77.2388194376649,0.08641437466151372,0.0045187393381552355,3.577462744230597,3.3731504820299865,0.09611836454283698,55.09471471304053,170.78658434306166,1.7164934814694774
123,1.0863076950698378,1.9780954475314028,1,0.0064431886642877965,0.002948839194410267,0.6177032107941309,23.96807484351566,1.9898797052455357,1.9780954475314028,83.0076785972104,0.2887452733116324,0.0043588906008561155,3.8873879745423854,2.616874853707614,0.18936243694111593,53.47522984495981,169.40053619593934,1.4112943242080878
124,1.0942540267102898,-1.823883219509652,1,0.005623150040498649,0.003960182656335466,0.6188789021130479,19.27868023447557,1.9990007309509534,-1.823883219509652,70.82316285513596,0.27220868791060376,0.00471897247972001,4.095950583481406,2.7814033979542803,0.28863185609030906,51.5323914164923,189.21022758940305,0.4107658129531089
125,1.0937190931333234,-1.254641544580182,1,0.0057836310509028245,0.0032045110064917006,0.5100887550746869,15.04822792581214,2.1692196157579904,-1.254641544580182,85.09574773049188,0.17683877663865916,0.004305079483599027,5.311240424247181,2.582192821107993,0.2179407836417353,49.73950011398205,184.16947609645152,0.9938869566001269
126,1.0932591552825957,-0.7690855218246018,1,0.0039440598673466274,0.004202208264457435,0.7670143415811306,22.202087503673027,2.542781304097108,-0.7690855218246018,95.15883926798699,0.23331608155861752,0.00407108842572584,3.866273445736716,2.463215736298718,0.2014505012199544,50.95072065116316,170.00080149288354,0.982543536838433
127,1.0938200410495573,-0.3100766377318573,1,0.005169383617055987,0.004834190479979807,0.7871885651088295,20.678165663831734,4.748418406862415,-0.3100766377318573,63.111381385119984,0.32764558800652566,0.004998978402527424,3.463396576834537,2.4671391105580263,0.2606410660542861,47.92047266359304,171.76582508873665,0.9982395598179004
128,1.0937018742769826,0.21361482594890216,1,0.008585933854653633,0.004865755411944608,0.7091169721977613,5.914274534516236,3.021429602739871,0.21361482594890216,37.75134196135916,0.15666395490178503,0.006463517163269495,3.286418274139456,2.9616008629319737,0.10943595608024911,50.621626871383064,229.63903649641978,2.670677317971954
129,1.0934127989900644,0.7344439462157244,1,0.0070282129106488105,0.0035964571883600606,0.6014959668195272,11.948557163273692,2.604649408513394,0.7344439462157244,62.39508816420083,0.19149836172728057,0.00502759056048003,3.3247072767381964,3.05402399708721,0.28645458732110235,50.07827409347569,142.72226955205124,2.2562581836156
130,1.093712691048693,1.2232691848512955,1,0.0065904278716407095,0.00424030717642284,0.7561809955927159,15.397354431293095,2.791642097434368,1.2232691848512955,56.43639660850421,0.27282667492227736,0.005286344540399841,3.887330435044634,2.5902308229895574,0.1137952097592256,47.26568433373224,179.21195906370198,1.1966362965697233
131,1.0945345572954315,1.6960657741109495,1,0.004934159079159845,0.004042971663711154,0.7321458794038542,12.235318781621942,3.500220477740525,1.6960657741109495,79.05991850761444,0.15476007327838986,0.004466392878071338,2.9131529028756096,2.154392188494654,0.1299898481631082,47.10598756383023,180.91919029410613,1.715070287307297
132,1.0938613983873113,2.2396770561087154,1,0.008317499360587833,0.003921314349909067,0.6691567969585421,6.341006550726006,2.7436434440779527,2.2396770561087154,48.3554881878389,0.13113313066128301,0.005711000752760637,4.292712497944263,2.2024733362175564,0.2376777048833148,50.3462634052921,211.02949263014776,0.9614784371501877
133,1.101678004429358,-2.0353198223728177,1,0.004907733642537917,0.004623127391080837,0.7681140071866412,11.875698918626956,2.513410605057464,-2.0353198223728177,69.51097210600109,0.17084639386882766,0.004763305347229587,4.462064140586646,2.4498076641589037,0.15194474494662108,47.58715967973075,201.4530169180683,0.6802766130933655
134,1.1020905617454149,-1.4949024746262176,1,0.006494929274646381,0.0031772915309205003,0.8179360307241472,4.89719258820164,1.8841206627220952,-1.4949024746262176,76.42557512603821,0.06407792915035801,0.004542717664379064,3.5610139575082567,2.688982049963334,0.2573082033732333,50.02183289132963,194.8819610564053,0.7887366515555829
135,1.10262165891017,-0.9685785952139927,1,0.007039662921030042,0.004408732066607087,0.7851718407826187,5.945945387063286,2.13699818867068,-0.9685785952139927,50.816486769954544,0.11700819487936051,0.005570995212531605,3.1689459589400513,2.531950654636926,0.1680008906754379,52.099114418371556,166.94404573557395,2.03416978423669
136,1.101985269140209,-0.5099157330855346,1,0.009364880630610282,0.0030692640955905202,0.5028501492008441,8.724252370182361,1.5863440595553815,-0.5099157330855346,54.86984103476208,0.1589990458447879,0.005361277075382623,3.4817844948165177,2.7614169837814355,0.21622150413761854,50.940911915247824,223.37960688912167,0.8895218403285572
137,1.101423882950732,-0.03864546686444108,1,0.005035257454884584,0.004591884343357552,0.8543730224387489,12.08395312942865,2.966055596565124,-0.03864546686444108,68.21149765491195,0.1771541975307806,0.004808463358689438,3.1037521690971857,2.56764465134507,0.25009950177756807,56.37217740257566,181.75804297248877,3.3540671846541024
138,1.102287705237932,0.48595514011628993,1,0.007788253947973554,0.00281823189170745,0.7082422342951324,13.42271103137488,1.6333049664649557,0.48595514011628993,71.85440176339485,0.18680429732855808,0.004684987263258623,4.694367176830363,2.532397537637335,0.28935277494550915,57.233395986264775,169.29603649628248,1.2673122065498141
139,1.1026325451774837,1.006238500013998,1,0.004604336088540067,0.004081364057317915,0.7516718278753141,8.046231298568005,1.7209371651675927,1.006238500013998,83.92625698675036,0.09587263375558715,0.004334970798007662,4.207263412026705,2.949233873192947,0.2334741625962764,51.14897306629146,152.82549267021548,0.7404153980343668
140,1.1023363632774723,1.5074779594723078,1,0.005418531185497848,0.0037568814828861925,0.8909349920723431,6.638371723862851,2.2992825474696343,1.5074779594723078,77.47491975025761,0.0856841381089753,0.004511848786832093,4.850128335693706,2.542475482385557,0.1748185759681562,50.66438950422558,206.88514097784017,0.9941072481670616
141,1.1016117270985482,1.9848090133781993,1,0.008706038069827693,0.00382266336107478,0.5377935169726147,9.128390916838743,2.438020115662242,1.9848090133781993,47.38965981062871,0.19262410731193724,0.0057689039469948295,3.9989855693495353,2.7544301749595856,0.2095262943829339,51.266396670868126,205.88380379985242,-0.03769748159310815
142,1.110772797972953,-1.7600282935078273,1,0.004975475804830559,0.0037883621337337177,0.6494810718915929,19.885644813496302,2.705689900998351,-1.7600282935078273,83.67276128154725,0.23765971755830864,0.004341532464041745,4.7604538866672765,3.0307508290942895,0.22262186381680932,54.72491793094082,204.91882533022348,1.089088038059522
143,1.1106956510962187,-1.2700780986761195,1,0.005906628069126387,0.003894193552465604,0.6113195274222274,6.598313199029537,1.5610714382309505,-1.2700780986761195,68.5666685238443,0.09623208099624893,0.004795993426142736,3.813841320999881,2.3811362186688445,0.12892636388921475,51.5560327828044,194.39042975557604,1.0338022679101915
144,1.1103092393756109,-0.7759087756386933,1,0.005978278946833156,0.004822121118326117,0.7507033708922917,14.935099576454252,2.1897715184682567,-0.7759087756386933,54.70863979644582,0.2729934363570947,0.005369169876318739,4.131015839603745,2.5415967091899656,0.24844419278538615,46.58569363151662,172.30015190860578,1.6929721853045123
145,1.1094452284449416,-0.24928800990947242,1,0.007472827270280287,0.0035041366405905243,0.5913680007757152,4.2594585002207825,2.214396402264437,-0.24928800990947242,60.22880277199314,0.07072128789186996,0.005117207035736704,3.9485632028654334,2.9564015959823635,0.2607597509206652,49.633742403168256,184.6075153603874,2.2562549129229605
146,1.1095890193310327,0.21111998836742796,1,0.006148625333806095,0.003872477908464053,0.5552446301366651,9.266748264424722,1.6825301555361387,0.21111998836742796,66.23739254623058,0.13990206903082678,0.0048795917629025605,3.8825406211016342,2.6336102036560387,0.22555708429597016,48.49852804717549,172.48951071790927,1.5392604481839385
147,1.1102318156191493,0.7382142678071201,1,0.006713703801268296,0.0031056910762755027,0.6080777019041574,12.545392008065443,1.806686768136365,0.7382142678071201,75.6396962115446,0.16585725004737245,0.004566255575891024,4.3740281068165014,1.97671893022763,0.16758536007601038,53.977582310749,186.38384213472509,0.7679269820154033
148,1.1114382918225962,1.2235052573023943,1,0.0083927442341457,0.004887114431288467,0.5460392081676377,6.847289476038823,1.735476096272798,1.2235052573023943,38.451537556866676,0.17807583028148727,0.006404397041471314,4.325466900216818,2.282859052874832,0.2674624369096327,50.2353866676734,164.23304929199006,2.3752478694185086
149,1.1103674987663188,1.7199412992307332,1,0.005312584426431018,0.0037352122882251407,0.5905152578725756,7.236155553419512,2.8491710439609075,1.7199412992307332,79.47839210871466,0.09104557051835578,0.004454619022075698,4.248352542506947,2.954519067500673,0.13258074909546674,49.66579009167133,155.22511074820048,0.11851678667504117
150,1.1106403487638452,2.21375389860407,1,0.005860599365928713,0.0037371265150777876,0.6426819599633122,14.95045481983173,2.8903189155233204,2.21375389860407,72.00959572774417,0.2076175358122661,0.004679936034248787,4.777929650640708,2.603214717287644,0.25729695486197407,53.112340432141224,179.25980607053256,0.4311874016840047
151,1.118550442280654,-2.0009879984931787,1,0.006297268395537962,0.002818439320133217,0.9425460081708015,30.12218985022965,1.3774962399035857,-2.0009879984931787,88.86061491081627,0.3389824601198334,0.0042128931692385,4.284042374331192,2.4218718133265575,0.29318645491077217,51.234145110311914,190.7320535580965,0.5479592041412751
152,1.1186369393019666,-1.491098076748377,1,0.005410030047845809,0.0032341852288212836,0.48980759793063955,6.348553208207651,2.3264682520585724,-1.491098076748377,90.13752738625581,0.0704318544373082,0.0041829462425690125,4.373932572232245,2.599731843844891,0.1499410803312877,47.44115690355432,211.22369732488616,0.6125339814189257
153,1.1186709572062787,-0.9738380696811458,1,0.006090952752090361,0.003039925532969501,0.5823141705344941,9.754047476002029,2.0131161423814974,-0.9738380696811458,85.17693947910692,0.1145151203559574,0.004303027165983308,4.5168248636531985,2.603166707470317,0.25591150816652564,49.64481640853829,192.89776965649295,1.6729585806770437
154,1.1188528589770508,-0.4964000168849714,1,0.004754272030927661,0.003933787325401364,1.0485757989263704,7.629675722232985,3.996548977748084,-0.4964000168849714,84.32868005932666,0.09047545528834768,0.004324615018330931,5.030829355885036,2.9332053996746605,0.15286664558055504,49.70034701663356,175.2998993740404,2.171287904947839
155,1.1183189101713256,0.040565247594874586,1,0.005533540591915458,0.00439211594053343,0.6931921336091778,8.231146239835985,2.439206993138213,0.040565247594874586,64.89232148391116,0.12684314648654915,0.004929903836926302,3.584605747917764,2.4207717533149733,0.15891686137468455,52.350968098990684,144.3072055251683,0.6763169788710375
156,1.118703844383812,0.4835676612842618,1,0.004840614216993056,0.004762199014348382,0.7127429432921271,7.5195030894978325,1.8652186156365596,0.4835676612842618,68.41671127202662,0.10990740346463151,0.0048012465311630375,4.776186963155706,2.6002675758037785,0.13558520509768937,56.804584836290715,237.64036588655839,1.580315066527966
157,1.1185308290119587,0.9809510320614634,1,0.005991116977911586,0.0043160931931011705,0.5436491185037209,8.876547131643159,2.3396195259738595,0.9809510320614634,60.99182018552052,0.1455366818803426,0.005085097757903682,5.778795972905055,2.346618152541323,0.3445255465531689,48.395328288305464,161.42662311784855,2.1069449670067026
158,1.11920001737714,1.5398764270897636,1,0.004523968180062238,0.004303557537402828,0.5405571235624487,11.01266839088008,1.8881611361273511,1.5398764270897636,81.00709378596866,0.1359469631138353,0.004412386809911094,4.3102893006674785,1.7773923129660787,0.17199464406529713,48.55864530937184,172.48152291017735,1.0392817118495632
159,1.118179208906378,2.0282231555841888,1,0.005283356820215281,0.003225513188273269,0.7983565945398867,7.294279528963684,1.5768530873188056,2.0282231555841888,92.54680764897522,0.07881719223239414,0.004128139665994589,2.9237013939650227,2.2819086815934018,0.19708195115681693,48.535773263632215,190.20821817989022,1.7256700752646381
160,1.1271601622277847,-1.7717640697424528,1,0.006422120121728618,0.004463616595158555,0.6226420397859955,3.7216391569668033,3.201585856289511,-1.7717640697424528,55.01801266358814,0.06764401287489338,0.005354052852881595,3.247245053390774,2.823256454904362,0.20678626649383414,49.047802580001154,154.2319660689797,1.4592984860481852
161,1.1265934373213615,-1.3120626347119835,1,0.006525685271080408,0.0032106391999886415,0.7106167221135262,21.027701647973565,2.2919620331598813,-1.3120626347119835,75.27531453894979,0.27934392272905323,0.004577294062884671,3.9739607465889226,2.012092647932745,0.16378766953679827,57.237899823159125,196.60153280448267,1.7794165702558136
162,1.126929243040608,-0.7436897544035244,1,0.004538264155871213,0.004021312984501494,0.6693302284457099,5.472179484576654,1.9410186713053137,-0.7436897544035244,86.41966129699978,0.06332100129124935,0.004271976191073942,5.019652958141702,2.450183636670415,0.27747438019706333,52.13446138578729,187.87654749495496,0.31287809978260306
163,1.1267476727534198,-0.2762673941542127,1,0.00495846020452063,0.004808433331934101,0.6586074689392405,10.901334268761842,2.3401696691384677,-0.2762673941542127,66.14846580772863,0.16480101443997747,0.0048828706026768495,2.847765369492704,3.335372903644931,0.22988887303618016,50.83586555696534,193.29154621483158,1.3023467537839082
164,1.127154165196505,0.2718564861089774,1,0.00453001045082605,0.004294471308812773,0.8444900093204812,11.862506111780586,2.3583654544311976,0.2718564861089774,81.07020990741545,0.14632386082789123,0.004410668873276988,4.023458111332902,1.661948684025651,0.21537354352412857,57.42813936158696,193.32758250636024,0.3981784120773195
165,1.1268029586304704,0.7382309905933023,1,0.006045403358418621,0.003196128399356442,0.6096286537646247,14.718739682875205,2.791749903130569,0.7382309905933023,81.62453233115615,0.1803224994069222,0.0043956666569937445,2.948895318929396,2.841047688823723,0.0987233266547994,54.35144968635418,213.1909687191655,0.9015266637835637
166,1.1271602372119844,1.232697786519751,1,0.008134922565413538,0.002786215694110803,0.8485127447208898,1.6994302828836227,2.4930845494171736,1.232697786519751,69.58282384219824,0.02442312900001925,0.004760845399940153,4.03438626473158,2.662715550978495,0.26389557342147313,51.86437541239227,193.348342869273,1.9229347287232272
167,1.127797362375534,1.7260718464157438,1,0.0056952806160519565,0.004471554477569831,0.5857651023532415,15.387355564194088,1.8496305367791785,1.7260718464157438,61.92935452256554,0.24846626745620792,0.005046459901725545,5.247243307819419,3.1836270700031015,0.19046956257193987,51.96786143923926,177.15250104098752,0.79222720751957
168,1.1272370532322662,2.2297006036314544,1,0.0047009992411771425,0.004126518679310506,0.7233439108664816,30.126714969334,2.0964937186576176,2.2297006036314544,81.30106049412322,0.37055746611708323,0.004404402477083809,5.857017326935472,2.2329331712500355,0.28954065303413273,47.230235224114764,190.90139597265497,0.5137694185265183
169,1.13579677227512,-2.0171977725925485,1,0.006465672291380522,0.0037383998599576974,0.6454060646230955,4.742804931811577,3.169143373078867,-2.0171977725925485,65.24853519725488,0.07268829740734341,0.004916428417929962,4.280083439090004,1.8649548806234773,0.2238841335126605,51.670475663373054,158.27082322995832,2.308064551229709
170,1.1346245687768912,-1.4754092469921383,1,0.005544962360172151,0.004611593732831351,0.704671358443774,12.834192440912759,1.9228957303127596,-1.4754092469921383,61.67661982326899,0.2080884535775216,0.005056788869327612,4.188697673109241,2.5642931919998606,0.32711480224479494,55.84623830394311,198.31379509078906,0.8294545946153615
171,1.135623448217912,-1.0143309341655289,1,0.004184761864352617,0.00336442312512554,0.7750876315630948,9.142003703306857,3.142659360523568,-1.0143309341655289,112.0182666759431,0.08161172257515553,0.003752240609232224,4.606962553008969,2.60738319455092,0.17743851327819993,54.577453718038036,144.4135331866901,0.9690135829668609
172,1.1351077624826555,-0.490290806445535,1,0.0060389144121221535,0.002857657558811021,0.8275212727425116,11.792335310328093,2.8762458152404204,-0.490290806445535,91.39051984339675,0.1290323693369398,0.0041541725309396675,4.550114625058303,2.035839458607132,0.20111701539045101,55.110932332206616,203.0676572227721,0.33977129924257454
173,1.1350774822811345,0.00668970749498521,1,0.005124711660023005,0.004481861096521541,0.6599420113260093,11.41344205713587,1.8178726908681906,0.00668970749498521,68.66609964823962,0.1662165481307991,0.004792519777731484,4.856306762759306,2.230383955214929,0.23120900985355541,54.611664544923,190.89602496990662,0.668598542021563
174,1.1350029379758206,0.5264683107387805,1,0.004721263817242467,0.005518858018037727,0.5972842587444853,11.356588063634886,2.602584654889063,0.5264683107387805,60.52889100170611,0.1876226026231801,0.005104506310414357,5.682192916121567,2.386861722692002,0.28170301421725286,50.688842785320006,222.19894864574164,0.9604619500729079
175,1.1353823914577488,0.987690558451544,1,0.005995182544309346,0.002948731716684594,0.6545028889614091,5.033966545722641,3.942441624618218,0.987690558451544,89.21390197787993,0.05642580846840197,0.004204543365898229,4.953095486185126,1.8520591991658097,0.25483008392358425,51.01979239887613,216.28377024275076,1.0939748649067802
176,1.134599205493097,1.5144439924010136,1,0.006225453947168015,0.004375916538600328,0.7094924087666894,14.609272616455163,2.476215062095684,1.5144439924010136,57.89354613652486,0.25234717151379016,0.005219393344796617,3.7276461057304084,2.6617242484594446,0.27583991456091667,48.25118227597601,192.18610054508136,0.42452174057547154
177,1.1354281090108236,1.9879736863077997,1,0.005072961057314348,0.004713515801805876,0.8132169249341956,21.69038830792458,2.661540708105902,1.9879736863077997,65.95742786887344,0.32885436877626767,0.004889936820205045,3.487955972079086,2.223422325577163,0.0998321375994568,51.14498697199366,172.29681997169538,1.3042492431248398
178,1.1431799392488593,-1.7648916991866186,2,0.005486944141803109,0.005314486720733784,0.6706251807164485,4.790523054490902,2.1189929608841522,-1.7648916991866186,54.08518776730642,0.08857366040960094,0.005400027016508403,4.537974959556618,2.2044133004224467,0.25804476642295987,49.202423248445434,200.81788511343436,0.9070769454819256
179,1.1428877640177209,-1.255213382159681,2,0.006811646351351608,0.0034192771248985265,0.7655679646148554,20.9743591305411,2.261127356378282,-1.255213382159681,67.71483337033358,0.30974541450662624,0.004826065328202164,4.397862096387822,2.6505519058920406,0.16434860374869426,48.729067024086376,159.75015594149622,1.0375695317793419
180,1.1434017613243994,-0.7642439580648933,2,0.004399554389545024,0.0037584496199002657,0.6610732137303215,32.142568629201016,1.4559623589139,-0.7642439580648933,95.37900397245167,0.33699836746549333,0.004066387035577903,3.7995126536676365,1.7342890778500593,0.21383086823608904,56.266960072915026,210.59440119156616,1.1234964425895893
181,1.143735617342503,-0.31440127208862184,2,0.009315409763456458,0.004647912342218349,0.8368342868478855,5.337375631063986,2.526873239504876,-0.31440127208862184,36.42590200657824,0.14652693103111342,0.0065800613988313645,4.233860751194673,2.832977048342377,0.26509811832720226,48.10967976354953,170.855192334637,0.7876299028510516
182,1.1429312494372013,0.2375956703068356,2,0.004430934379611838,0.005160987111854758,0.5313095418111042,16.89654054912599,2.75274376326475,0.2375956703068356,68.96712372843865,0.24499413105376017,0.004782049270621419,4.874737513572626,2.236854693367066,0.1686765677673659,48.30650625752853,174.44064710961644,-0.24635983262819217
183,1.1436461462526646,0.7501453062604565,2,0.006016489068768914,0.0038835880690897538,0.9022072089822402,5.839036662735845,3.0004214829455926,0.7501453062604565,67.49846815438167,0.08650621002806866,0.004833794075597334,4.409823449002645,2.943311549654906,0.11830836178597715,53.140002695829494,178.24583483887167,1.5373280796614424
184,1.1438610209437787,1.2587305285397798,2,0.006306966322808952,0.004391436057749018,0.5886883932533085,21.26129716055641,2.092188713862794,1.2587305285397798,56.94336550047236,0.3733761953423712,0.00526275966817714,2.8603490428064653,2.376843447219793,0.15897121968638114,49.68619611592631,186.71344047349757,1.2486039315085176
185,1.1433671889845323,1.7436384633381807,2,0.006999900487760252,0.004362670268480214,0.5781955258299523,6.091739164472665,2.5640061031321424,1.7436384633381807,51.6447228139655,0.1179547266894299,0.005526143116159027,2.3666359931384098,2.5778415310061256,0.1327767755510324,52.38277333244663,210.8816844003414,2.4579518629842596
186,1.1428337288526158,2.2415326928230397,2,0.005978058727846371,0.003978602708679884,0.6062957143463348,7.917461933746148,4.712022289575948,2.2415326928230397,66.3100653412887,0.11940060521726333,0.004876917125321794,3.756646464515242,2.6593407104876814,0.251038806419674,54.05891856182285,201.0747096606066,0.8134302743141575
187,1.151543308041507,-2.0029748295641117,2,0.005519135659754811,0.004447751666246978,0.5020493688796936,8.851043852977961,2.221559963436624,-2.0029748295641117,64.2478511707673,0.13776404489314928,0.004954568076726525,3.660936358791965,2.217580070020878,0.33098829193261264,50.85798050528839,181.21502890471297,1.9985936834512543
188,1.1520701700432707,-1.5100665658088328,2,0.006547737411513491,0.003119011466802448,0.7514043626196698,14.237114717675668,2.178283444112922,-1.5100665658088328,77.2257227166181,0.1843571573932581,0.004519122488727425,3.783508147869855,1.5648747843593878,0.19549086611694783,49.83099080886292,206.35007525329294,0.7025119444757113
189,1.1516236122322328,-1.0111300243773775,2,0.004354862761684722,0.00536079622566747,0.6979392371704978,5.4903895106725455,1.5231117007496517,-1.0111300243773775,67.556390059412,0.08127120922009096,0.004831721417480448,4.906833647639932,2.901175947231998,0.21007613541021186,53.40732032915723,186.69593938444135,2.4404038968135335
190,1.1521688493275293,-0.5030088587618456,2,0.004791238969129579,0.004239682776986675,0.7572415700568191,9.85044528868064,2.1220682840874288,-0.5030088587618456,77.64062303252716,0.12687231121978304,0.004507031543915138,2.85398732814389,2.0685921210947917,0.1922523976668024,49.65991848273919,211.164757544506,1.179621506571653
191,1.1518870708331175,-0.007824030002920972,2,0.009890345000938905,0.0038118533023744497,0.4902563984422257,7.524756294763967,2.0062303254451854,-0.007824030002920972,41.83334451659493,0.17987460437878594,0.0061400768931220715,5.095191722578883,3.3277082303758743,0.26236473493851875,51.907922425681434,184.7168523096474,0.02596212199037673
192,1.1526562494748498,0.5044626946709532,2,0.008304503308687363,0.0038079500681743516,0.7636619559673856,6.9163843767364375,3.5506213052224957,0.5044626946709532,49.8729777759125,0.13867999636622644,0.005623445024224046,3.834109495812948,3.4105476477470837,0.2893019647535858,52.989712675001044,175.69783171791605,0.8394366809723639
193,1.1522532215964316,0.9997427286581475,2,0.004604460763688658,0.0032496452200227086,0.9110658314712756,20.08284293668576,2.5020404776834404,0.9997427286581475,105.40360893112985,0.19053278289368425,0.003868186126791594,5.222559699845153,2.172535578401831,0.19505682321780743,62.157659482909665,183.52897666457372,1.3885128947781578
194,1.1521158997174732,1.5124975748401346,2,0.007619433106755758,0.004309818944508058,0.7641407237793807,6.231289231488953,2.1139499484263933,1.5124975748401346,48.02733853192861,0.1297446292458281,0.0057304779163615885,4.449167047423149,2.5586131477103677,0.2656784150440784,52.63998384417886,189.59415866267645,-0.4375125147532799
195,1.1521871601988467,2.0244170212249206,2,0.00568964577931888,0.0038779581051008633,0.6936324945732273,12.160764720617959,2.1223272134564004,2.0244170212249206,71.47955905397038,0.17012926326862227,0.00469725536511084,4.03981157553024,2.220913866887914,0.2579384961602514,50.10426910924725,185.1703241878187,0.5575981985619354
196,1.1603816278005719,-1.8003642114252494,2,0.005174721404110709,0.004292524828537312,0.8045077317093896,5.600935984654155,1.8475704122664125,-1.8003642114252494,71.00197313761475,0.07888423007341672,0.0047130266398471244,3.094309818467954,2.512422444612712,0.1823553510081109,52.866869104006014,194.62742808198246,0.4925362734680121
197,1.1610593478271625,-1.2948467228458216,2,0.005938092178242615,0.0040311822835402,0.6718351758165217,13.575466233441352,1.902353895449366,-1.2948467228458216,65.8856500777484,0.2060458721652077,0.004892599716608775,4.181279900870641,2.346286661055224,0.16356308898875072,56.22671120751107,186.18919276583787,1.3040680238748443
198,1.1614403185393727,-0.7812187789993498,2,0.007353239049831342,0.0036792872098722488,0.7202843587464338,9.080480350251039,1.8569015309090267,-0.7812187789993498,58.29453352383031,0.15576898555229052,0.005201411191895679,3.8572749112319262,2.923893180427674,0.16160039067784174,52.87057057103049,200.78622062795185,1.4913640497910912
199,1.1601490855070047,-0.2591756619047212,2,0.006821853226946985,0.00422066741354399,0.5085041939913566,12.354097388796253,3.0053515247024096,-0.2591756619047212,54.77554463174755,0.2255403843421741,0.005365889825085402,4.386320705657927,2.003532884963784,0.21894094565550498,47.18766151319202,197.71424451580927,1.4319598646558518
200,1.1603959315242065,0.18145192140042504,2,0.007036419168808045,0.003905139494778886,0.4560804146810389,4.024781117189598,2.9511684310702884,0.18145192140042504,57.396042978439816,0.07012297204358604,0.005241965127500517,4.26178482754478,2.4882982617131777,0.3370658175256349,52.473192092589414,218.84336698027877,1.3659769516512466
201,1.1600153287914334,0.7282965731003159,2,0.005957329797709033,0.004199836454678133,0.5670363999714931,4.577423334194989,1.5892976540573305,0.7282965731003159,63.035642644721555,0.0726164300409221,0.0050019806933812435,3.611366727682049,2.1336235465576916,0.10716295581959366,51.74338337270935,140.43588545272328,0.4171720638744265
202,1.1606909846655484,1.2149924740752434,2,0.0059762183170316355,0.0032052838252946787,0.5325297031208713,8.459070408730396,1.6549347654295405,1.2149924740752434,82.33362949537448,0.10274137628301237,0.004376696917540817,3.8823439789133514,2.2516509069656383,0.23207295498607045,51.58879974786997,168.40020630487217,1.2958881258990136
203,1.1611568762345428,1.758690392870377,2,0.00668771074324811,0.003543515316415902,0.5924960488166213,10.429278422270448,1.9137946518456126,1.758690392870377,66.55158635670058,0.15670968932839574,0.004868059721332397,5.2227409147311326,2.9837694712348437,0.1750374301245216,49.803756422522554,142.8648120263101,1.2070770239181385
204,1.161215755628784,2.23314879060943,2,0.00673574453383396,0.004275884584991331,0.7747349934716192,12.859249905712641,3.1439213070061505,2.23314879060943,54.759393011909694,0.23483185620621955,0.00536668111784744,4.656661445799675,2.370867404190326,0.1466632890839218,47.5411299793534,201.97439888993833,1.882862736159172
205,1.1697628356611225,-1.993582842685636,2,0.006682441402895513,0.004641467860006894,0.7276457305147432,9.277713046711169,2.3831179360343877,-1.993582842685636,50.84868198084109,0.18245729653733897,0.0055692312753125,5.940180441130889,1.8855028689509226,0.19797971122361585,56.02993749186156,164.30890690953194,0.6679003369569987
206,1.1705814255053248,-1.4685953205330033,2,0.007940321883006455,0.00384145970510567,0.576787465999123,12.510251017857009,3.64269721542905,-1.4685953205330033,51.705389837100874,0.24195255189586362,0.005522900194566083,4.270485360185881,2.4571949471445347,0.27786162676284343,49.3219977647976,179.5458699854158,0.31167726341586466
207,1.1693985645250264,-1.0024721326426367,2,0.005827044578899377,0.004376717098703433,0.5510928470768843,2.6570419724712204,2.0197744628001972,-1.0024721326426367,61.84055672862422,0.04296600989753625,0.005050081746207288,4.799198652253793,2.716452000986246,0.2535195523088741,51.37020158219913,173.79237054281273,0.758709564717778
208,1.1700207730308372,-0.4995978348228122,2,0.0073221222607530775,0.0026961751649817478,0.4828559265135841,8.002061122366186,2.7984482562973465,-0.4995978348228122,79.88865818847543,0.10016517117470558,0.004443166010223167,5.068114552095871,2.435433275151494,0.14799567585868373,52.054397945369836,230.82157701806094,0.8669861719904848
209,1.1689697009369084,-0.011421916353546698,2,0.007078636111312186,0.005508288885833032,0.8131001790107222,4.082742309009781,2.647322544479172,-0.011421916353546698,40.448638763365885,0.1009364575380346,0.006244291202274064,3.9024142111516382,2.5166989014245473,0.21440565220477564,50.902640589044324,178.11123137884326,1.6704135100978217
210,1.1692175222728733,0.4734315384661206,2,0.006191333733515851,0.0042542836662480986,0.5630637131138307,3.705487445787763,2.9483065535400907,0.4734315384661206,59.87693316540287,0.06188505739851099,0.005132220764424241,3.634542767159292,2.510446699555443,0.1376705371955897,47.668111252541934,224.45638385625475,1.4894689284935456
211,1.1702374609791868,1.034766245858751,2,0.005977220611745596,0.0049227066887824475,1.0306843658513505,6.639433762344669,3.098534248271419,1.034766245858751,53.600268077512915,0.12386941335336588,0.005424398942350052,3.514067281972586,2.8455968365574495,0.22664073555222597,51.67117809760272,199.9855542131929,0.5536582327946782
212,1.1701955968010298,1.454595885078653,2,0.006120725961259894,0.004007460879879542,0.6295720923825951,4.9431083380312755,1.5736190951929054,1.454595885078653,64.29807632919643,0.07687801284634563,0.00495263261773091,3.005104646775131,2.5191954078215506,0.19128978044803407,49.215265651016125,168.43485821412096,0.9332329679364388
213,1.169009377483234,2.0266304312535257,2,0.006394785851780308,0.004257947980053611,0.6582866298032848,18.895600114454606,2.9758655718608304,2.0266304312535257,57.92204014518941,0.326224699045307,0.005218109379886874,2.671252737991126,2.5857830976387106,0.23918015529356473,53.55647582099851,202.561704672726,1.4679064010449245
214,1.1783529687306313,-1.7943291082047113,2,0.0070800992594191444,0.00338949326037836,0.896696467218558,15.523242092192124,1.9292878131124365,-1.7943291082047113,65.71977773799405,0.23620350869229728,0.004898770123470891,3.2063220814119107,2.097776365218005,0.23245328127822218,52.70729776923693,159.53142759134207,1.3402367716748191
215,1.1781518011207623,-1.2476628941498136,2,0.008046291828935948,0.003967013292741294,0.5517685575597253,4.639246740880499,2.617465432704556,-1.2476628941498136,49.409535541542716,0.09389375330152411,0.005649756334804587,3.969070560412432,2.202976701055446,0.20759864467170702,56.06905272665218,172.47547557083075,0.637509382009469
216,1.1791146261919125,-0.8023334459214996,2,0.005446321268759376,0.004626443516903736,0.7933277126759939,7.327278713820367,2.828519825620937,-0.8023334459214996,62.59212364223261,0.11706390976126671,0.005019671077354247,3.712522967646764,2.1561463559781746,0.15779909766166092,51.88049648367277,193.63130466785637,0.5036347468689559
217,1.17904599926327,-0.2586383067583137,2,0.006297590072842815,0.004244810153733117,0.7052520569383458,15.315889710731073,2.612895255117939,-0.2586383067583137,58.998035071594614,0.25959999671421446,0.005170306981722851,4.606586544470912,3.041465369566886,0.15786545785189282,47.896111232641054,147.45635837077216,2.456936906711343
218,1.1787826867889444,0.1965975718412551,2,0.0060883852057712125,0.003937661282718048,0.6343904589376204,5.8978204811943264,1.0511998766341868,0.1965975718412551,65.78543179286214,0.08965237926483068,0.0048963250197509006,3.336079831800305,2.1273218748023126,0.21051301267150446,53.397303986056585,213.00138944624493,0.3702567918119133
219,1.1788253244105509,0.7324016247429891,2,0.005894844107156899,0.0035858271624491004,0.47590919222255734,8.266254179598041,1.2397340837008441,0.7324016247429891,74.611973957717,0.11078991401946518,0.00459759634133383,5.30687669370371,2.725265232493495,0.21686340527026937,50.28195518770555,178.59948286384744,-0.16904287545005658
220,1.178259136466129,1.2047888658130703,2,0.009556715208516024,0.005494999430193633,0.777325012453391,1.4182912842012674,1.8272443206141387,1.2047888658130703,30.032667721629327,0.04722495175411352,0.007246664379238104,3.8751510213006646,2.4741225834448155,0.1294708218999806,53.542591361043065,160.6718728306295,1.1242349067143422
221,1.178121832214677,1.6915775242903501,2,0.004779843140835011,0.004756275281176598,0.5606539719852746,4.35054641833739,3.919327754952382,1.6915775242903501,69.37285688215371,0.06271251630486874,0.004768044649398229,4.326938093301473,2.186343770321521,0.21092593832893575,53.458138688377836,189.4204433460079,2.067799769368005
222,1.17886381643088,2.231618313949808,2,0.0046525624490676674,0.004384627164855017,0.8986124349742557,6.5314675742775,2.0076414659993267,2.231618313949808,77.31171826907286,0.08448224564800928,0.004516608428939405,3.185938637262689,3.036364757441275,0.1624830730846175,51.9115225492334,192.43113837920058,1.1760319589833106
223,1.1867660989830162,-1.9834467781393808,2,0.0050568353335940265,0.0025424304179990204,0.8686187031000872,23.44561596956556,2.1734171952465777,-1.9834467781393808,122.6711168492692,0.19112580509374594,0.003585617376539454,4.830687351084803,2.7078521993710822,0.2640127371505519,47.39734472190371,179.37136013241874,0.5537540161055006
224,1.1876691755545625,-1.5017574898302932,2,0.007038649692176377,0.004426564227726969,0.40382051985283973,2.5357674416426597,3.7044758512248217,-1.5017574898302932,50.619061130532316,0.050095110122718965,0.005581848702615415,3.0832186820046585,2.760738910180626,0.28403801084276437,47.5867358229117,176.0144464961688,0.8453167854222006
225,1.1869711986254308,-0.9707473840998478,2,0.006993838469988361,0.0044045565413633634,0.581275776570189,7.205677276688847,3.2608329054479963,-0.9707473840998478,51.19793209625926,0.14074156868564863,0.00555020332800754,4.106301942806525,2.753533707752256,0.23092908990058425,45.94877981067785,177.23851622476812,2.5712641478856693
226,1.1873708434136923,-0.4975020150106725,2,0.007878461068905183,0.0040207313320388405,0.6986198714016632,8.40715303644898,2.2877246928638,-0.4975020150106725,49.787894371100094,0.16885938123402544,0.005628247974991443,4.460575713298437,2.6064661993735054,0.14972530606968393,50.75503263221969,153.59956867426288,1.7993708919817717
227,1.1873899510204515,0.010186912648204812,2,0.005052722168843843,0.004846916655923722,0.8782515124382861,13.123698159735017,3.090360464287171,0.010186912648204812,64.39901673403949,0.20378724436017986,0.004948749664099434,4.243603354974615,2.6362695236203457,0.1750639371275829,49.70072070068451,200.74899929400286,2.322287193790075
228,1.1878120357530793,0.5337131779027118,2,0.005152824649570671,0.004694750387658026,0.5131156655266618,4.141074303537505,1.5220444715976045,0.5337131779027118,65.19470685111803,0.06351856620805542,0.0049184576364045,3.2463757062469054,2.433160654532033,0.12529174990794628,50.2883657298667,179.0681016642885,2.0869481076096257
229,1.1880654046760792,0.9899217382731215,2,0.0053024279140426395,0.004705982182198192,0.6631863758464263,18.62268370834388,2.9471572759113123,0.9899217382731215,63.204086018275866,0.29464366754641486,0.004995310929849612,5.282810565787601,2.332011183628417,0.1251022673573463,50.62144374807332,192.579899706127,1.5135705200235527
230,1.1877714043496799,1.5064946106046573,2,0.006777173851763246,0.0037312853289042957,0.8330198448374726,7.539727466807685,1.980182919156479,1.5064946106046573,62.36818705204307,0.12089059860784741,0.005028674712537888,3.369435326280133,2.735143205042588,0.17791744653813668,49.74606873347499,219.3431594997983,1.7839203757788518
231,1.187648908563918,2.002995991160999,2,0.006426126110422389,0.0046302917813153075,0.6219726532386511,5.7748535364801405,2.026471932967784,2.002995991160999,53.00448309381131,0.10895028494588602,0.005454799621872878,3.602457529010413,2.5279297808177557,0.3613906576273393,50.069068824600734,183.728459683424,1.8528318787808455
232,1.1960030814689782,-1.798269430415466,2,0.005709710974807823,0.0030155321590088968,0.7833805361016069,23.10445000193642,2.4592221055826977,-1.798269430415466,91.59929220008667,0.2522339359508125,0.0041494357523859824,4.162902236536511,2.5277768152749296,0.1716345413093815,57.21194505462776,175.93456446839028,0.8543485567596854
233,1.1967047482411857,-1.2624368838477011,2,0.005227443796842745,0.0031483625874859206,0.9565786595607166,11.035446801847927,2.218360686419577,-1.2624368838477011,95.82880928560131,0.11515792467960938,0.004056832320686307,4.1207511280914195,2.7811880084985976,0.15629759666224435,53.062620091612814,165.32693792017218,1.2527519084263403
234,1.1972604284769839,-0.7638643588507277,2,0.009303280802906554,0.0035621576843041735,0.6766145249225404,11.355687761035632,2.066200515758182,-0.7638643588507277,47.590573370814454,0.23861212329918383,0.005756713750162768,3.801587419041634,2.9548005057735143,0.2205132732994175,50.69098587108765,171.9712264297859,0.9178509244528925
235,1.196813561490134,-0.26039303736716873,2,0.00512789045908074,0.004395303946336024,0.7773900064858701,8.046883324796662,2.3947951994467185,-0.26039303736716873,69.97494321594128,0.11499663958231648,0.0047474874587697885,3.718595555609054,2.8945298680620386,0.15266888334162232,49.10201794488232,216.92435486783316,1.5187764945718154
236,1.1971794674653655,0.24543302732986155,2,0.006868351265632906,0.004220409472044221,0.8263565261210886,4.171423313833977,2.9388437224163124,0.24543302732986155,54.40804486071329,0.07666923750914012,0.005383981309291855,4.2278333087661055,2.954973483577392,0.14835468784657646,52.152768778377386,197.83257900278144,0.7745790748622561
237,1.1964592058571888,0.7536811078164216,2,0.006753981107985302,0.0035753817297648105,0.6093847081364618,9.871754632214651,4.3550968926260865,0.7536811078164216,65.31124294581069,0.15114939154358664,0.004914067628418167,3.0600530527464556,2.5754313988206192,0.18125642571720169,53.28118103581676,183.84438823789478,1.8313161637390465
238,1.1965619813637074,1.2069339857962917,2,0.006321455063734572,0.0032631523561943714,0.8558151451054363,11.15402252311428,2.8803738723469716,1.2069339857962917,76.45674424196675,0.14588670540056675,0.004541791605281148,5.8794005968622995,2.8768539281912364,0.22552403470598092,52.53183751100521,199.66205238288964,2.067500858834901
239,1.1966508837788468,1.7024013483970166,2,0.010221797160083543,0.003992972188057564,0.5627379129424295,9.878635769608309,2.9562109795371736,1.7024013483970166,38.64084928193087,0.25565265653277786,0.006388689362629817,5.130008309843927,2.645141254106207,0.18586395835049024,57.143925165661116,204.79140901705264,0.5005402793270335
240,1.196028520712713,2.208289634066992,2,0.0047878792359645666,0.004016091165015451,0.6145178836665435,17.88173733835763,2.562188782048584,2.208289634066992,82.02069719902345,0.21801493950932344,0.004385038141079075,3.940616346009587,2.603021546310604,0.2647431953191619,53.84433479176134,174.7603479559555,0.770405063335792
241,1.2054479200606036,-1.9989596147352267,2,0.0056246523461441515,0.004241245893125028,0.5554916293950694,11.611403075581503,3.268392795729864,-1.9989596147352267,66.11211798801416,0.17563199348244446,0.004884212696365704,3.9827980650931605,1.6595475276805765,0.1711234398147028,52.71632193115607,223.86835186779487,1.4455515137592272
242,1.2055555067391286,-1.501609096637633,2,0.005966438890827967,0.004228625827697387,0.4743443439782635,18.13223912413531,2.0394784736965805,-1.501609096637633,62.5109000561707,0.29006523834790643,0.005022931175432657,3.082393909008119,2.9965084672728786,0.17242562561374247,54.62747849877326,153.62834602107242,0.690069704958983
243,1.2054115954663538,-1.0241473935505563,2,0.005072971995607125,0.003931983921766108,0.6361984157012561,5.940142537774929,2.2557188913163264,-1.0241473935505563,79.06713617124981,0.07512783218693164,0.004466189015513891,4.95985478655872,2.205367459409036,0.21799931888533547,51.53694045613238,194.59631742537684,0.9889172898457108
244,1.2049486263120721,-0.5011824430041325,2,0.0063512906724244814,0.005458014272821558,0.743615566265825,4.27194477617469,2.520416042103996,-0.5011824430041325,45.49603516603673,0.09389707829669831,0.005887735994500029,2.5838166945667074,2.1492834094666478,0.3999045295802534,50.40036815347473,168.73355648315075,2.488457453591602
245,1.2055043424135667,0.010833376417217686,2,0.007114649969147893,0.003839065072713274,0.6404882394357332,16.332070319195804,3.9839578969695233,0.010833376417217686,57.741916614291576,0.28284600298760243,0.005226241881231317,4.422017611178611,2.7345368604603504,0.16989347985816744,57.57326395393768,170.98853240909298,0.1856552258176034
246,1.2050181207530672,0.5281307538238335,2,0.005705255312940462,0.0040281102715127234,0.7250148431529433,14.664570843982073,2.59803397497103,0.5281307538238335,68.62680367108626,0.2136857621151388,0.00479389168918719,3.8491973956690626,2.560254999754024,0.1031140958311772,48.64355434936475,202.3607727887302,1.1581087263232348
247,1.2054052956908747,0.9722062328707396,2,0.005812984187359706,0.004203162385117075,0.5719628993923582,14.556022080272669,3.9110222417986336,0.9722062328707396,64.54979934164193,0.22550065575312156,0.0049429663646024,5.074888560242042,3.055662617489027,0.36877665687721856,53.77351212695856,244.2358752291403,-0.20229890304795362
248,1.205681157075706,1.5043923236205574,2,0.00529372506013406,0.003742899424775772,0.547263665162977,15.222254886916136,2.2741215458409716,1.5043923236205574,79.59772734124361,0.1912398179618467,0.0044512785222334565,4.804515046223156,2.1707757205728164,0.19358506189329766,52.33822308404089,186.97809046098754,0.5231037768475328
249,1.2053345545803713,2.0270650484013273,2,0.004800612071400938,0.003758791256627333,0.6657607107498065,19.05983404701478,2.877984555100652,2.0270650484013273,87.40280814380526,0.21806889791979364,0.004247881669778653,5.406653517003262,2.639328961085436,0.22607121760097137,48.47794605211892,187.4349799498804,2.4937992041457395
250,1.2143823008526542,-1.747492300101928,2,0.00667701653797058,0.005890927666886749,0.9569088691642778,4.918590850655322,1.9752476542406348,-1.747492300101928,40.09627841501186,0.12266951061507556,0.006271668155745429,4.454288833255218,2.3456218799113167,0.23726374607141826,54.89508487063091,191.91220760969983,1.2483945641340437
251,1.2134117331611283,-1.2777283775168105,2,0.006382705386242322,0.0044982324096305495,0.36217909726648645,9.585711598412628,3.4486191414473706,-1.2777283775168105,54.93176051826979,0.1745021733870064,0.005358254587971598,2.5835857916757665,2.5446834869643666,0.22095279930221284,51.01344798798849,162.96494409487585,0.5637232704975563
252,1.2155340443108422,-0.8001572360093598,2,0.006481601950291122,0.0033238775384254672,0.8502872720272561,16.795785623005663,2.827800032503149,-0.8001572360093598,73.20535243311728,0.22943384690826837,0.004641556973213553,3.486289234802515,3.110128639450478,0.07142760336737947,57.16283647221275,199.0469259097463,1.2013575986622467
253,1.2140648389956297,-0.30134330750969407,2,0.006837642077159166,0.004199408759048997,0.9703639142962253,6.069067597757801,3.2605792430161293,-0.30134330750969407,54.92571179835759,0.1104959298486375,0.005358549620005789,3.931804011999392,2.630390260810401,0.2793676501565636,63.05385006148914,196.65399103480328,1.1989793061457643
254,1.2138035113438261,0.21563544744404478,2,0.005592048603969103,0.004742081571489826,0.7386655234030619,18.887955630054577,1.8727940750527132,0.21563544744404478,59.474424631028114,0.31758114092289397,0.00514955829482076,2.5151964486331715,3.3334616172862166,0.1619755122886813,49.433189652071945,190.54378246099068,0.9156568002884011
255,1.2135158738987781,0.7136967097845073,2,0.006008247556331925,0.004598516361454645,0.6838192420578308,9.240420076696486,1.81288437410453,0.7136967097845073,57.08271912707551,0.16187771392119205,0.0052563318665645765,4.469708718796684,2.617756726209004,0.15583731328126293,48.94619010614245,179.19633351081947,1.8482479279392567
256,1.2144075675237098,1.283801831251189,2,0.004634759607596418,0.00343706877366171,0.3960457971299418,3.7441939982401293,3.359153490616526,1.283801831251189,99.00446275733454,0.037818436603381786,0.003991238845358449,4.051421080243295,2.702163782824316,0.276330697778449,48.70632152909719,164.84379930853564,0.9334903112757296
257,1.214105643142986,1.7135964471415215,2,0.005755216127209882,0.004345470971265873,0.9178130521871255,15.940885470514832,3.2822812776366543,1.7135964471415215,63.0625773812702,0.25277884495804526,0.005000912378171781,3.8945895354401157,2.838506086947387,0.15216586751882744,50.75604558453362,220.92359657930623,1.0982361714924949
258,1.2138705301656674,2.212139503387987,2,0.005453815751965392,0.003525820853380877,0.9630939746225096,6.693542411130301,3.2363972097622997,2.212139503387987,82.0180619738696,0.0816105897901223,0.004385108585745248,4.42947043555326,2.2344978499988155,0.1633935237365135,45.98586925421007,203.67268985772577,0.7354290145973028
259,1.223662390067966,-1.9762684152441072,2,0.005947230866186364,0.004308767971725844,0.6746075984779407,10.997080902951513,2.0224526441430557,-1.9762684152441072,61.54634988394938,0.17867966051093848,0.00506213767855865,4.057950206265477,2.167209119027113,0.3942166898187288,52.90978264139154,197.97038226544365,1.7730531026390306
260,1.2236331707622436,-1.5137551026607035,2,0.005112802703232933,0.004620685047387197,0.515656994297117,10.958795204660204,1.903528558822908,-1.5137551026607035,66.75822877325858,0.1641564703863141,0.004860519622537209,4.587787842605918,2.4620105645349675,0.17553723617168632,50.201094819936046,179.16759663492175,1.3705852140247234
261,1.2236722294901856,-1.0194044217548563,2,0.004396827675999808,0.0038774720706594335,0.47816002512662403,17.524283666980043,3.3865823369138326,-1.0194044217548563,92.50859477900865,0.1894341137582226,0.004128992190982163,2.8239814277704274,2.305598967596273,0.2255148025216469,48.33425284773539,201.05326309256415,1.218967613064482
262,1.2232326370980298,-0.5521062237472237,2,0.007096239673825047,0.003707994377272351,0.5501827855379957,4.010920641007259,3.9313816364081995,-0.5521062237472237,59.93808521477629,0.06691773063211676,0.005129602012858332,3.95096291367035,2.5584670850560407,0.20424111814005969,51.30544607143683,202.88304521785486,1.4005561520963177
263,1.2230857279733887,0.005181455040601157,2,0.006195366076435507,0.004343959847518142,0.6671726486045777,4.568946627007169,2.270094142725047,0.005181455040601157,58.60267377212865,0.07796481513408615,0.00518771833051023,3.0548480810368175,2.802906583859963,0.19124906422666998,51.852675218235895,181.47133747497296,0.8541859223009958
264,1.2223703098496945,0.4734043377676999,2,0.0074615834883324395,0.004929813267690297,0.9422863389425142,9.562394429729958,3.549641130701737,0.4734043377676999,42.875454322369414,0.22302724439565808,0.006064999033698201,2.802244361878976,2.6096659472070343,0.24961730582773112,50.246012337866006,184.36703264429522,1.0389878626437081
265,1.2234379300558085,1.0045036996460763,2,0.004762549453502371,0.004279848248192893,0.8703403680248591,15.480933027454713,3.463529140814712,1.0045036996460763,77.37529864771845,0.20007590662670993,0.004514752367019053,4.030902584714952,2.857736468901088,0.17528434775039187,52.20677356231662,180.87195560111329,0.9019004691159598
266,1.2221155192081259,1.4991495683705902,2,0.006543641088964704,0.005347545740500878,0.6296423671059388,8.688385417438353,2.2439332564857013,1.4991495683705902,45.07089977617353,0.1927715102335591,0.005915439124245953,2.7954288099026128,2.660056390714141,0.11256881110803918,59.76807119439051,199.2950850536324,1.7916686385436194
267,1.2226223070617612,2.0359395507001805,2,0.005928770235902042,0.004578947992654675,0.6834425365047858,10.417999997167147,1.7868632713245078,2.0359395507001805,58.09514983753601,0.17932650189045463,0.005210329219022003,5.4769251506833045,3.3104047945722908,0.15364574713393267,60.95753787397638,167.97377381096058,1.205106806660666
